Hello,Hello World!
hi,Hello World!
what is the time,"Today is Thursday, 9/24/2020"
Hello,Hi there!
i need a pizza,type of pizza veg or non veg
veg,what size of pizza
small,toppings
yes,Can you try rephrasing that please?<br><br>You can try this from my friend Google: <a target='_blank' href='https://www.google.com/search?q=yes'>yes</a>
yes topping is needed,enjoy
Hello,It's nice to see you!
Hello,It's nice to see you!
i need a pizza,type of pizza veg or non veg
Hello,It's nice to see you!
I NEED A PIZZA,type of pizza veg or non veg
VEG,what size of pizza
SMALL,toppings
YES,There are some things I just don't know about yet.<br><br>You can try this from my friend Google: <a target='_blank' href='https://www.google.com/search?q=YES'>YES</a>
YES I NEED TOPPINGS,super
Hello,It's nice to see you!
i need a pizza,type of pizza veg or non veg
Hello,It's nice to see you!
i am hungry,what size of the pizza
small pizza,crust size please
thin,type of pizza veg or non-veg
veg,toppings needed or not needed
needed,I'll need to take some time to think on that.<br><br>You can try this from my friend Google: <a target='_blank' href='https://www.google.com/search?q=needed'>needed</a>
Hello,Hey!
order pizza,"what size of the pizza?<br><a class=""chatSuggest"" onclick=""$(this).hide(); chatSuggest('crust size please')"";>Small</a><br><a class=""chatSuggest"" onclick=""$(this).hide(); chatSuggest('crust size please')"";>Medium</a><br><a class=""chatSuggest"" onclick=""$(this).hide(); chatSuggest('crust size please')"";>Large</a><br>"
crust size please,crust size please
Hello,Hi there!
order pizza,"what size of the pizza?<br><a class=""chatSuggest"" onclick=""$(this).hide(); chatSuggest('crust size please')"";>Small</a><br><a class=""chatSuggest"" onclick=""$(this).hide(); chatSuggest('crust size please')"";>Medium</a><br><a class=""chatSuggest"" onclick=""$(this).hide(); chatSuggest('crust size please')"";>Large</a><br>"
crust size please,I don't know.<br><br>You can try this from my friend Google: <a target='_blank' href='https://www.google.com/search?q=crust size please'>crust size please</a>
crust size please,Can you try rephrasing that please?<br><br>You can try this from my friend Google: <a target='_blank' href='https://www.google.com/search?q=crust size please'>crust size please</a>
crust size please,I don't know.<br><br>You can try this from my friend Google: <a target='_blank' href='https://www.google.com/search?q=crust size please'>crust size please</a>
Hello,It's nice to see you!
order a pizza,"what size of the pizza?<br><a class=""chatSuggest"" onclick=""$(this).hide(); chatSuggest('crust size please')"";>Small</a><br><a class=""chatSuggest"" onclick=""$(this).hide(); chatSuggest('crust size please')"";>Medium</a><br><a class=""chatSuggest"" onclick=""$(this).hide(); chatSuggest('crust size please')"";>Large</a><br>"
crust size please,Can you try rephrasing that please?<br><br>You can try this from my friend Google: <a target='_blank' href='https://www.google.com/search?q=crust size please'>crust size please</a>
Hello,Hi there!
order a pizza,"what size of the pizza?<br><a class=""chatSuggest"" onclick=""$(this).hide(); chatSuggest('Small')"";>Small</a><br><a class=""chatSuggest"" onclick=""$(this).hide(); chatSuggest('Medium')"";>Medium</a><br><a class=""chatSuggest"" onclick=""$(this).hide(); chatSuggest('Large')"";>Large</a><br>"
Small,"what size of the pizza?<br><a class=""chatSuggest"" onclick=""$(this).hide(); chatSuggest('Small')"";>Small</a><br><a class=""chatSuggest"" onclick=""$(this).hide(); chatSuggest('Medium')"";>Medium</a><br><a class=""chatSuggest"" onclick=""$(this).hide(); chatSuggest('Large')"";>Large</a><br>"
Small,"what size of the pizza?<br><a class=""chatSuggest"" onclick=""$(this).hide(); chatSuggest('Small')"";>Small</a><br><a class=""chatSuggest"" onclick=""$(this).hide(); chatSuggest('Medium')"";>Medium</a><br><a class=""chatSuggest"" onclick=""$(this).hide(); chatSuggest('Large')"";>Large</a><br>"
Medium,"crust size please<br><a class=""chatSuggest"" onclick=""$(this).hide(); chatSuggest('Thin')"";>Thin</a><br><a class=""chatSuggest"" onclick=""$(this).hide(); chatSuggest('Soft')"";>Soft</a><br><a class=""chatSuggest"" onclick=""$(this).hide(); chatSuggest('cheese-stuffed')"";>cheese-stuffed</a><br><a class=""chatSuggest"" onclick=""$(this).hide(); chatSuggest('Flatbread')"";>Flatbread</a><br><a class=""chatSuggest"" onclick=""$(this).hide(); chatSuggest('Sicilian Style')"";>Sicilian Style</a><br><a class=""chatSuggest"" onclick=""$(this).hide(); chatSuggest('Chicago Deep Dish')"";>Chicago Deep Dish</a><br><a class=""chatSuggest"" onclick=""$(this).hide(); chatSuggest('Neapolitan')"";>Neapolitan</a><br>"
Thin,"Type of pizza <br><a class=""chatSuggest"" onclick=""$(this).hide(); chatSuggest('Veg')"";>Veg</a><br><a class=""chatSuggest"" onclick=""$(this).hide(); chatSuggest('Toppings')"";>Non-Veg</a><br>"
Toppings,There are some things I just don't know about yet.<br><br>You can try this from my friend Google: <a target='_blank' href='https://www.google.com/search?q=Toppings'>Toppings</a>
Veg,"Toppings<br><a class=""chatSuggest"" onclick=""$(this).hide(); chatSuggest('Mushrooms')"";>Mushrooms</a><a class=""chatSuggest"" onclick=""$(this).hide(); chatSuggest('Capsicum(bell pepper)')"";>Capsicum(bell pepper)</a><a class=""chatSuggest"" onclick=""$(this).hide(); chatSuggest('Sun-Dried Tomatoes)"";>Sun-Dried Tomatoes</a><a class=""chatSuggest"" onclick=""$(this).hide(); chatSuggest('Sweet Potato')"";>Sweet Potato </a><br><a class=""chatSuggest"" onclick=""$(this).hide(); chatSuggest('Onion')"";>Onion</a><a class=""chatSuggest"" onclick=""$(this).hide(); chatSuggest('Spinach')"";>Spinach</a><br>"
Small,"what size of the pizza?<br><a class=""chatSuggest"" onclick=""$(this).hide(); chatSuggest('Small')"";>Small</a><br><a class=""chatSuggest"" onclick=""$(this).hide(); chatSuggest('Medium')"";>Medium</a><br><a class=""chatSuggest"" onclick=""$(this).hide(); chatSuggest('Large')"";>Large</a><br>"
Small,"what size of the pizza?<br><a class=""chatSuggest"" onclick=""$(this).hide(); chatSuggest('Small')"";>Small</a><br><a class=""chatSuggest"" onclick=""$(this).hide(); chatSuggest('Medium')"";>Medium</a><br><a class=""chatSuggest"" onclick=""$(this).hide(); chatSuggest('Large')"";>Large</a><br>"
Large,"crust size please<br><a class=""chatSuggest"" onclick=""$(this).hide(); chatSuggest('Thin')"";>Thin</a><br><a class=""chatSuggest"" onclick=""$(this).hide(); chatSuggest('Soft')"";>Soft</a><br><a class=""chatSuggest"" onclick=""$(this).hide(); chatSuggest('cheese-stuffed')"";>cheese-stuffed</a><br><a class=""chatSuggest"" onclick=""$(this).hide(); chatSuggest('Flatbread')"";>Flatbread</a><br><a class=""chatSuggest"" onclick=""$(this).hide(); chatSuggest('Sicilian Style')"";>Sicilian Style</a><br><a class=""chatSuggest"" onclick=""$(this).hide(); chatSuggest('Chicago Deep Dish')"";>Chicago Deep Dish</a><br><a class=""chatSuggest"" onclick=""$(this).hide(); chatSuggest('Neapolitan')"";>Neapolitan</a><br>"
Flatbread,"Type of pizza <br><a class=""chatSuggest"" onclick=""$(this).hide(); chatSuggest('Veg')"";>Veg</a><br><a class=""chatSuggest"" onclick=""$(this).hide(); chatSuggest('Toppings')"";>Non-Veg</a><br>"
Veg,"Toppings<br><a class=""chatSuggest"" onclick=""$(this).hide(); chatSuggest('Mushrooms')"";>Mushrooms</a><a class=""chatSuggest"" onclick=""$(this).hide(); chatSuggest('Capsicum(bell pepper)')"";>Capsicum(bell pepper)</a><a class=""chatSuggest"" onclick=""$(this).hide(); chatSuggest('Sun-Dried Tomatoes)"";>Sun-Dried Tomatoes</a><a class=""chatSuggest"" onclick=""$(this).hide(); chatSuggest('Sweet Potato')"";>Sweet Potato </a><br><a class=""chatSuggest"" onclick=""$(this).hide(); chatSuggest('Onion')"";>Onion</a><a class=""chatSuggest"" onclick=""$(this).hide(); chatSuggest('Spinach')"";>Spinach</a><br>"
Spinach,I'm not sure about that.<br><br>You can try this from my friend Google: <a target='_blank' href='https://www.google.com/search?q=Spinach'>Spinach</a>
Hello,It's nice to see you!
i am hungry,"what size of the pizza?<br><a class=""chatSuggest"" onclick=""$(this).hide(); chatSuggest('Small')"";>Small</a><br><a class=""chatSuggest"" onclick=""$(this).hide(); chatSuggest('Medium')"";>Medium</a><br><a class=""chatSuggest"" onclick=""$(this).hide(); chatSuggest('Large')"";>Large</a><br>"
Small,"crust size please<br><a class=""chatSuggest"" onclick=""$(this).hide(); chatSuggest('Thin')"";>Thin</a><br><a class=""chatSuggest"" onclick=""$(this).hide(); chatSuggest('Soft')"";>Soft</a><br><a class=""chatSuggest"" onclick=""$(this).hide(); chatSuggest('cheese-stuffed')"";>cheese-stuffed</a><br><a class=""chatSuggest"" onclick=""$(this).hide(); chatSuggest('Flatbread')"";>Flatbread</a><br><a class=""chatSuggest"" onclick=""$(this).hide(); chatSuggest('Sicilian Style')"";>Sicilian Style</a><br><a class=""chatSuggest"" onclick=""$(this).hide(); chatSuggest('Chicago Deep Dish')"";>Chicago Deep Dish</a><br><a class=""chatSuggest"" onclick=""$(this).hide(); chatSuggest('Neapolitan')"";>Neapolitan</a><br>"
Thin,"Type of pizza <br><a class=""chatSuggest"" onclick=""$(this).hide(); chatSuggest('Veg')"";>Veg</a><br><a class=""chatSuggest"" onclick=""$(this).hide(); chatSuggest('Non-Veg')"";>Non-Veg</a><br>"
Soft,"Type of pizza <br><a class=""chatSuggest"" onclick=""$(this).hide(); chatSuggest('Veg')"";>Veg</a><br><a class=""chatSuggest"" onclick=""$(this).hide(); chatSuggest('Non-Veg')"";>Non-Veg</a><br>"
cheese-stuffed,"Type of pizza <br><a class=""chatSuggest"" onclick=""$(this).hide(); chatSuggest('Veg')"";>Veg</a><br><a class=""chatSuggest"" onclick=""$(this).hide(); chatSuggest('Non-Veg')"";>Non-Veg</a><br>"
Flatbread,"Type of pizza <br><a class=""chatSuggest"" onclick=""$(this).hide(); chatSuggest('Veg')"";>Veg</a><br><a class=""chatSuggest"" onclick=""$(this).hide(); chatSuggest('Non-Veg')"";>Non-Veg</a><br>"
Sicilian Style,"Type of pizza <br><a class=""chatSuggest"" onclick=""$(this).hide(); chatSuggest('Veg')"";>Veg</a><br><a class=""chatSuggest"" onclick=""$(this).hide(); chatSuggest('Non-Veg')"";>Non-Veg</a><br>"
Chicago Deep Dish,"Type of pizza <br><a class=""chatSuggest"" onclick=""$(this).hide(); chatSuggest('Veg')"";>Veg</a><br><a class=""chatSuggest"" onclick=""$(this).hide(); chatSuggest('Non-Veg')"";>Non-Veg</a><br>"
Neapolitan,"Type of pizza <br><a class=""chatSuggest"" onclick=""$(this).hide(); chatSuggest('Veg')"";>Veg</a><br><a class=""chatSuggest"" onclick=""$(this).hide(); chatSuggest('Non-Veg')"";>Non-Veg</a><br>"
Veg,"Toppings<br><a class=""chatSuggest"" onclick=""$(this).hide(); chatSuggest('Mushrooms')"";>Mushrooms</a><a class=""chatSuggest"" onclick=""$(this).hide(); chatSuggest('Capsicum(bell pepper)')"";>Capsicum(bell pepper)</a><a class=""chatSuggest"" onclick=""$(this).hide(); chatSuggest('Sun-Dried Tomatoes)"";>Sun-Dried Tomatoes</a><a class=""chatSuggest"" onclick=""$(this).hide(); chatSuggest('Sweet Potato')"";>Sweet Potato </a><br><a class=""chatSuggest"" onclick=""$(this).hide(); chatSuggest('Onion')"";>Onion</a><a class=""chatSuggest"" onclick=""$(this).hide(); chatSuggest('Spinach')"";>Spinach</a><br>"
Non-Veg,"Toppings<br><a class=""chatSuggest"" onclick=""$(this).hide(); chatSuggest('Salami')"";>Salami</a><a class=""chatSuggest"" onclick=""$(this).hide(); chatSuggest('Pepperoni')"";>Pepperoni</a><a class=""chatSuggest"" onclick=""$(this).hide(); chatSuggest('Bacon')"";>Bacon</a><a class=""chatSuggest"" onclick=""$(this).hide(); chatSuggest('Chicken breasts')"";>Chicken breasts</a><br><a class=""chatSuggest"" onclick=""$(this).hide(); chatSuggest('Ham')"";>Ham</a><a class=""chatSuggest"" onclick=""$(this).hide(); chatSuggest('Sausages')"";>Sausages</a><br>"
Mushrooms,I'm not an expert on that.<br><br>You can try this from my friend Google: <a target='_blank' href='https://www.google.com/search?q=Mushrooms'>Mushrooms</a>
Hello,Hi there!
pizza,"what size of the pizza?<br><a class=""chatSuggest"" onclick=""$(this).hide(); chatSuggest('crust size please')"";>Small</a><br><a class=""chatSuggest"" onclick=""$(this).hide(); chatSuggest('crust size please')"";>Medium</a><br><a class=""chatSuggest"" onclick=""$(this).hide(); chatSuggest('crust size please')"";>Large</a><br>"
Hello,Hey!
Hello,Hi there!
pizza,"what size of the pizza?<br><a class=""chatSuggest"" onclick=""$(this).hide(); chatSuggest('crust size please')"";>Small</a><br><a class=""chatSuggest"" onclick=""$(this).hide(); chatSuggest('crust size please')"";>Medium</a><br><a class=""chatSuggest"" onclick=""$(this).hide(); chatSuggest('crust size please')"";>Large</a><br>"
Hello,Hi there!
pizza,"what size of the pizza?<br><a class=""chatSuggest"" onclick=""$(this).hide(); chatSuggest('crust size please')"";>Small</a><br><a class=""chatSuggest"" onclick=""$(this).hide(); chatSuggest('crust size please')"";>Medium</a><br><a class=""chatSuggest"" onclick=""$(this).hide(); chatSuggest('crust size please')"";>Large</a><br>"
Hello,Hi there!
pizza,"what size of the pizza?<br><a class=""chatSuggest"" onclick=""$(this).hide(); chatSuggest('crust size please')"";>Small</a><br><a class=""chatSuggest"" onclick=""$(this).hide(); chatSuggest('crust size please')"";>Medium</a><br><a class=""chatSuggest"" onclick=""$(this).hide(); chatSuggest('crust size please')"";>Large</a><br>"
crust size please,I don't have a response for that.<br><br>You can try this from my friend Google: <a target='_blank' href='https://www.google.com/search?q=crust size please'>crust size please</a>
crust size please,I'm not an expert on that.<br><br>You can try this from my friend Google: <a target='_blank' href='https://www.google.com/search?q=crust size please'>crust size please</a>
crust size please,I'm not an expert on that.<br><br>You can try this from my friend Google: <a target='_blank' href='https://www.google.com/search?q=crust size please'>crust size please</a>
Hello,Hey!
pizza,"what size of the pizza?<br><a class=""chatSuggest"" onclick=""$(this).hide(); chatSuggest('crust size please')"";>Small</a><br><a class=""chatSuggest"" onclick=""$(this).hide(); chatSuggest('crust size please')"";>Medium</a><br><a class=""chatSuggest"" onclick=""$(this).hide(); chatSuggest('crust size please')"";>Large</a><br>"
crust size please,I don't know.<br><br>You can try this from my friend Google: <a target='_blank' href='https://www.google.com/search?q=crust size please'>crust size please</a>
Hello,It's nice to see you!
pizza,"what size of the pizza?<br><a class=""chatSuggest"" onclick=""$(this).hide(); chatSuggest('crust size please')"";>Small</a><br><a class=""chatSuggest"" onclick=""$(this).hide(); chatSuggest('crust size please')"";>Medium</a><br><a class=""chatSuggest"" onclick=""$(this).hide(); chatSuggest('crust size please')"";>Large</a><br>"
crust size please,I don't know.<br><br>You can try this from my friend Google: <a target='_blank' href='https://www.google.com/search?q=crust size please'>crust size please</a>
crust size please,Is there a different way you can ask that?<br><br>You can try this from my friend Google: <a target='_blank' href='https://www.google.com/search?q=crust size please'>crust size please</a>
crust size please,There are some things I just don't know about yet.<br><br>You can try this from my friend Google: <a target='_blank' href='https://www.google.com/search?q=crust size please'>crust size please</a>
Hello,It's nice to see you!
i am hungry,"what size of the pizza?<br><a class=""chatSuggest"" onclick=""$(this).hide(); chatSuggest('Small')"";>Small</a><br><a class=""chatSuggest"" onclick=""$(this).hide(); chatSuggest('Medium')"";>Medium</a><br><a class=""chatSuggest"" onclick=""$(this).hide(); chatSuggest('Large')"";>Large</a><br>"
Small,"crust size please<br><a class=""chatSuggest"" onclick=""$(this).hide(); chatSuggest('Thin')"";>Thin</a><br><a class=""chatSuggest"" onclick=""$(this).hide(); chatSuggest('Soft')"";>Soft</a><br><a class=""chatSuggest"" onclick=""$(this).hide(); chatSuggest('cheese-stuffed')"";>cheese-stuffed</a><br><a class=""chatSuggest"" onclick=""$(this).hide(); chatSuggest('Flatbread')"";>Flatbread</a><br><a class=""chatSuggest"" onclick=""$(this).hide(); chatSuggest('Sicilian Style')"";>Sicilian Style</a><br><a class=""chatSuggest"" onclick=""$(this).hide(); chatSuggest('Chicago Deep Dish')"";>Chicago Deep Dish</a><br><a class=""chatSuggest"" onclick=""$(this).hide(); chatSuggest('Neapolitan')"";>Neapolitan</a><br>"
pizza,"what size of the pizza?<br><a class=""chatSuggest"" onclick=""$(this).hide(); chatSuggest('crust size please')"";>Small</a><br><a class=""chatSuggest"" onclick=""$(this).hide(); chatSuggest('crust size please')"";>Medium</a><br><a class=""chatSuggest"" onclick=""$(this).hide(); chatSuggest('crust size please')"";>Large</a><br>"
crust size please,I don't know.<br><br>You can try this from my friend Google: <a target='_blank' href='https://www.google.com/search?q=crust size please'>crust size please</a>
Chicago Deep Dish,"Type of pizza <br><a class=""chatSuggest"" onclick=""$(this).hide(); chatSuggest('Veg')"";>Veg</a><br><a class=""chatSuggest"" onclick=""$(this).hide(); chatSuggest('Non-Veg')"";>Non-Veg</a><br>"
crust size please,Can you try rephrasing that please?<br><br>You can try this from my friend Google: <a target='_blank' href='https://www.google.com/search?q=crust size please'>crust size please</a>
Non-Veg,"Toppings<br><a class=""chatSuggest"" onclick=""$(this).hide(); chatSuggest('Salami')"";>Salami</a><a class=""chatSuggest"" onclick=""$(this).hide(); chatSuggest('Pepperoni')"";>Pepperoni</a><a class=""chatSuggest"" onclick=""$(this).hide(); chatSuggest('Bacon')"";>Bacon</a><a class=""chatSuggest"" onclick=""$(this).hide(); chatSuggest('Chicken breasts')"";>Chicken breasts</a><br><a class=""chatSuggest"" onclick=""$(this).hide(); chatSuggest('Ham')"";>Ham</a><a class=""chatSuggest"" onclick=""$(this).hide(); chatSuggest('Sausages')"";>Sausages</a><br>"
Pepperoni,Is there a different way you can ask that?<br><br>You can try this from my friend Google: <a target='_blank' href='https://www.google.com/search?q=Pepperoni'>Pepperoni</a>
Medium,"crust size please<br><a class=""chatSuggest"" onclick=""$(this).hide(); chatSuggest('Thin')"";>Thin</a><br><a class=""chatSuggest"" onclick=""$(this).hide(); chatSuggest('Soft')"";>Soft</a><br><a class=""chatSuggest"" onclick=""$(this).hide(); chatSuggest('cheese-stuffed')"";>cheese-stuffed</a><br><a class=""chatSuggest"" onclick=""$(this).hide(); chatSuggest('Flatbread')"";>Flatbread</a><br><a class=""chatSuggest"" onclick=""$(this).hide(); chatSuggest('Sicilian Style')"";>Sicilian Style</a><br><a class=""chatSuggest"" onclick=""$(this).hide(); chatSuggest('Chicago Deep Dish')"";>Chicago Deep Dish</a><br><a class=""chatSuggest"" onclick=""$(this).hide(); chatSuggest('Neapolitan')"";>Neapolitan</a><br>"
Thin,"Type of pizza <br><a class=""chatSuggest"" onclick=""$(this).hide(); chatSuggest('Veg')"";>Veg</a><br><a class=""chatSuggest"" onclick=""$(this).hide(); chatSuggest('Non-Veg')"";>Non-Veg</a><br>"
Neapolitan,"Type of pizza <br><a class=""chatSuggest"" onclick=""$(this).hide(); chatSuggest('Veg')"";>Veg</a><br><a class=""chatSuggest"" onclick=""$(this).hide(); chatSuggest('Non-Veg')"";>Non-Veg</a><br>"
Hello,Hey!
get me a pizza,"what size of the pizza?<br><a class=""chatSuggest"" onclick=""$(this).hide(); chatSuggest('Small')"";>Small</a><br><a class=""chatSuggest"" onclick=""$(this).hide(); chatSuggest('Medium')"";>Medium</a><br><a class=""chatSuggest"" onclick=""$(this).hide(); chatSuggest('Large')"";>Large</a><br>"
Medium,"crust size please<br><a class=""chatSuggest"" onclick=""$(this).hide(); chatSuggest('Thin')"";>Thin</a><br><a class=""chatSuggest"" onclick=""$(this).hide(); chatSuggest('Soft')"";>Soft</a><br><a class=""chatSuggest"" onclick=""$(this).hide(); chatSuggest('cheese-stuffed')"";>cheese-stuffed</a><br><a class=""chatSuggest"" onclick=""$(this).hide(); chatSuggest('Flatbread')"";>Flatbread</a><br><a class=""chatSuggest"" onclick=""$(this).hide(); chatSuggest('Sicilian Style')"";>Sicilian Style</a><br><a class=""chatSuggest"" onclick=""$(this).hide(); chatSuggest('Chicago Deep Dish')"";>Chicago Deep Dish</a><br><a class=""chatSuggest"" onclick=""$(this).hide(); chatSuggest('Neapolitan')"";>Neapolitan</a><br>"
Thin,"Type of pizza <br><a class=""chatSuggest"" onclick=""$(this).hide(); chatSuggest('Veg')"";>Veg</a><br><a class=""chatSuggest"" onclick=""$(this).hide(); chatSuggest('Non-Veg')"";>Non-Veg</a><br>"
Non-Veg,"Toppings<br><a class=""chatSuggest"" onclick=""$(this).hide(); chatSuggest('Salami')"";>Salami</a><a class=""chatSuggest"" onclick=""$(this).hide(); chatSuggest('Pepperoni')"";>Pepperoni</a><a class=""chatSuggest"" onclick=""$(this).hide(); chatSuggest('Bacon')"";>Bacon</a><a class=""chatSuggest"" onclick=""$(this).hide(); chatSuggest('Chicken breasts')"";>Chicken breasts</a><br><a class=""chatSuggest"" onclick=""$(this).hide(); chatSuggest('Ham')"";>Ham</a><a class=""chatSuggest"" onclick=""$(this).hide(); chatSuggest('Sausages')"";>Sausages</a><br>"
Sausages,I don't know.<br><br>You can try this from my friend Google: <a target='_blank' href='https://www.google.com/search?q=Sausages'>Sausages</a>
Hello,Hi there!
hi,Hello there!
hello,Hello to you!
Hello,"Hi I am Hot cherry from Yoyo pizza ! <img src=""https://s.tcdn.co/169/64a/16964af9-4fb1-4007-b704-87b8f11cd331/8.png"">"
Hello,"Hi I am Hot cherry from Yoyo pizza ! <img src=""https://s.tcdn.co/169/64a/16964af9-4fb1-4007-b704-87b8f11cd331/8.png"">"
pizza,"what size of the pizza?<br><a class=""chatSuggest"" onclick=""$(this).hide(); chatSuggest('Small')"";>Small</a><br><a class=""chatSuggest"" onclick=""$(this).hide(); chatSuggest('Medium')"";>Medium</a><br><a class=""chatSuggest"" onclick=""$(this).hide(); chatSuggest('Large')"";>Large</a><br>"
Medium,"crust size please<br><a class=""chatSuggest"" onclick=""$(this).hide(); chatSuggest('Thin')"";>Thin</a><br><a class=""chatSuggest"" onclick=""$(this).hide(); chatSuggest('Soft')"";>Soft</a><br><a class=""chatSuggest"" onclick=""$(this).hide(); chatSuggest('cheese-stuffed')"";>cheese-stuffed</a><br><a class=""chatSuggest"" onclick=""$(this).hide(); chatSuggest('Flatbread')"";>Flatbread</a><br><a class=""chatSuggest"" onclick=""$(this).hide(); chatSuggest('Sicilian Style')"";>Sicilian Style</a><br><a class=""chatSuggest"" onclick=""$(this).hide(); chatSuggest('Chicago Deep Dish')"";>Chicago Deep Dish</a><br><a class=""chatSuggest"" onclick=""$(this).hide(); chatSuggest('Neapolitan')"";>Neapolitan</a><br>"
Chicago Deep Dish,"Type of pizza <br><a class=""chatSuggest"" onclick=""$(this).hide(); chatSuggest('Veg')"";>Veg</a><br><a class=""chatSuggest"" onclick=""$(this).hide(); chatSuggest('Non-Veg')"";>Non-Veg</a><br>"
Veg,"Toppings<br><a class=""chatSuggest"" onclick=""$(this).hide(); chatSuggest('Mushrooms')"";>Mushrooms</a><a class=""chatSuggest"" onclick=""$(this).hide(); chatSuggest('Capsicum(bell pepper)')"";>Capsicum(bell pepper)</a><a class=""chatSuggest"" onclick=""$(this).hide(); chatSuggest('Sun-Dried Tomatoes)"";>Sun-Dried Tomatoes</a><a class=""chatSuggest"" onclick=""$(this).hide(); chatSuggest('Sweet Potato')"";>Sweet Potato </a><br><a class=""chatSuggest"" onclick=""$(this).hide(); chatSuggest('Onion')"";>Onion</a><a class=""chatSuggest"" onclick=""$(this).hide(); chatSuggest('Spinach')"";>Spinach</a><br>"
Mushrooms,Can you try rephrasing that please?<br><br>You can try this from my friend Google: <a target='_blank' href='https://www.google.com/search?q=Mushrooms'>Mushrooms</a>
Capsicum(bell pepper),I'm not an expert on that.<br><br>You can try this from my friend Google: <a target='_blank' href='https://www.google.com/search?q=Capsicum(bell pepper)'>Capsicum(bell pepper)</a>
Hello,"Hi I am Hot cherry from Yoyo pizza ! <img src=""https://data5.sticker.fan/stickers_storage/2020/03/21/file_1925490_128x128.png"">"
Hello,"Hi I am Hot cherry from Yoyo pizza ! <img src=""https://data5.sticker.fan/stickers_storage/2020/03/21/file_1925490_128x128.png"">"
pizza,"what size of the pizza?<br><a class=""chatSuggest"" onclick=""$(this).hide(); chatSuggest('Small')"";>Small</a><br><a class=""chatSuggest"" onclick=""$(this).hide(); chatSuggest('Medium')"";>Medium</a><br><a class=""chatSuggest"" onclick=""$(this).hide(); chatSuggest('Large')"";>Large</a><br>"
Small,"crust size please<br><a class=""chatSuggest"" onclick=""$(this).hide(); chatSuggest('Thin')"";>Thin</a><br><a class=""chatSuggest"" onclick=""$(this).hide(); chatSuggest('Soft')"";>Soft</a><br><a class=""chatSuggest"" onclick=""$(this).hide(); chatSuggest('cheese-stuffed')"";>cheese-stuffed</a><br><a class=""chatSuggest"" onclick=""$(this).hide(); chatSuggest('Flatbread')"";>Flatbread</a><br><a class=""chatSuggest"" onclick=""$(this).hide(); chatSuggest('Sicilian Style')"";>Sicilian Style</a><br><a class=""chatSuggest"" onclick=""$(this).hide(); chatSuggest('Chicago Deep Dish')"";>Chicago Deep Dish</a><br><a class=""chatSuggest"" onclick=""$(this).hide(); chatSuggest('Neapolitan')"";>Neapolitan</a><br>"
Thin,"Type of pizza <br><a class=""chatSuggest"" onclick=""$(this).hide(); chatSuggest('Veg')"";>Veg</a><br><a class=""chatSuggest"" onclick=""$(this).hide(); chatSuggest('Non-Veg')"";>Non-Veg</a><br>"
Veg,"Toppings<br><a class=""chatSuggest"" onclick=""$(this).hide(); chatSuggest('Mushrooms')"";>Mushrooms</a><a class=""chatSuggest"" onclick=""$(this).hide(); chatSuggest('Capsicum(bell pepper)')"";>Capsicum(bell pepper)</a><a class=""chatSuggest"" onclick=""$(this).hide(); chatSuggest('Sun-Dried Tomatoes')"";>Sun-Dried Tomatoes</a><a class=""chatSuggest"" onclick=""$(this).hide(); chatSuggest('Sweet Potato')"";>Sweet Potato </a><br><a class=""chatSuggest"" onclick=""$(this).hide(); chatSuggest('Onion')"";>Onion</a><a class=""chatSuggest"" onclick=""$(this).hide(); chatSuggest('Spinach')"";>Spinach</a><br>"
Mushrooms,"Choose your pizza?<br><img src=""/static/download.jpg""<a class=""chatSuggest"" onclick=""$(this).hide(); chatSuggest('Margherita')"";>Margherita</a><br>"
Hello,"Hi I am Hot cherry from Yoyo pizza ! <img src=""https://data5.sticker.fan/stickers_storage/2020/03/21/file_1925490_128x128.png"">"
pizza,"what size of the pizza?<br><a class=""chatSuggest"" onclick=""$(this).hide(); chatSuggest('Small')"";>Small</a><br><a class=""chatSuggest"" onclick=""$(this).hide(); chatSuggest('Medium')"";>Medium</a><br><a class=""chatSuggest"" onclick=""$(this).hide(); chatSuggest('Large')"";>Large</a><br>"
Small,"crust size please<br><a class=""chatSuggest"" onclick=""$(this).hide(); chatSuggest('Thin')"";>Thin</a><br><a class=""chatSuggest"" onclick=""$(this).hide(); chatSuggest('Soft')"";>Soft</a><br><a class=""chatSuggest"" onclick=""$(this).hide(); chatSuggest('cheese-stuffed')"";>cheese-stuffed</a><br><a class=""chatSuggest"" onclick=""$(this).hide(); chatSuggest('Flatbread')"";>Flatbread</a><br><a class=""chatSuggest"" onclick=""$(this).hide(); chatSuggest('Sicilian Style')"";>Sicilian Style</a><br><a class=""chatSuggest"" onclick=""$(this).hide(); chatSuggest('Chicago Deep Dish')"";>Chicago Deep Dish</a><br><a class=""chatSuggest"" onclick=""$(this).hide(); chatSuggest('Neapolitan')"";>Neapolitan</a><br>"
cheese-stuffed,"Type of pizza <br><a class=""chatSuggest"" onclick=""$(this).hide(); chatSuggest('Veg')"";>Veg</a><br><a class=""chatSuggest"" onclick=""$(this).hide(); chatSuggest('Non-Veg')"";>Non-Veg</a><br>"
Veg,"Toppings<br><a class=""chatSuggest"" onclick=""$(this).hide(); chatSuggest('Mushrooms')"";>Mushrooms</a><a class=""chatSuggest"" onclick=""$(this).hide(); chatSuggest('Capsicum(bell pepper)')"";>Capsicum(bell pepper)</a><a class=""chatSuggest"" onclick=""$(this).hide(); chatSuggest('Sun-Dried Tomatoes')"";>Sun-Dried Tomatoes</a><a class=""chatSuggest"" onclick=""$(this).hide(); chatSuggest('Sweet Potato')"";>Sweet Potato </a><br><a class=""chatSuggest"" onclick=""$(this).hide(); chatSuggest('Onion')"";>Onion</a><a class=""chatSuggest"" onclick=""$(this).hide(); chatSuggest('Spinach')"";>Spinach</a><br>"
Mushrooms,"Choose your pizza?<br><img src=""/static/download.jpg""><br><a class=""chatSuggest"" onclick=""$(this).hide(); chatSuggest('Margherita')"";>Margherita</a><img src=""/static/download(1).jpg""><br><a class=""chatSuggest"" onclick=""$(this).hide(); chatSuggest('Farm pizza')"";>Farm pizza</a><br><img src=""/static/download(2).jpg""><br><a class=""chatSuggest"" onclick=""$(this).hide(); chatSuggest('Peppy Paneer')"";>Peppy Paneer</a><img src=""/static/download(3).jpg""><br><a class=""chatSuggest"" onclick=""$(this).hide(); chatSuggest('Mexican green wave')"";>Mexican green wave</a><br>"
Hello,"Hi I am Hot cherry from Yoyo pizza ! <img src=""https://data5.sticker.fan/stickers_storage/2020/03/21/file_1925490_128x128.png"">"
pizza,"what size of the pizza?<br><a class=""chatSuggest"" onclick=""$(this).hide(); chatSuggest('Small')"";>Small</a><br><a class=""chatSuggest"" onclick=""$(this).hide(); chatSuggest('Medium')"";>Medium</a><br><a class=""chatSuggest"" onclick=""$(this).hide(); chatSuggest('Large')"";>Large</a><br>"
Small,"crust size please<br><a class=""chatSuggest"" onclick=""$(this).hide(); chatSuggest('Thin')"";>Thin</a><br><a class=""chatSuggest"" onclick=""$(this).hide(); chatSuggest('Soft')"";>Soft</a><br><a class=""chatSuggest"" onclick=""$(this).hide(); chatSuggest('cheese-stuffed')"";>cheese-stuffed</a><br><a class=""chatSuggest"" onclick=""$(this).hide(); chatSuggest('Flatbread')"";>Flatbread</a><br><a class=""chatSuggest"" onclick=""$(this).hide(); chatSuggest('Sicilian Style')"";>Sicilian Style</a><br><a class=""chatSuggest"" onclick=""$(this).hide(); chatSuggest('Chicago Deep Dish')"";>Chicago Deep Dish</a><br><a class=""chatSuggest"" onclick=""$(this).hide(); chatSuggest('Neapolitan')"";>Neapolitan</a><br>"
cheese-stuffed,"Type of pizza <br><a class=""chatSuggest"" onclick=""$(this).hide(); chatSuggest('Veg')"";>Veg</a><br><a class=""chatSuggest"" onclick=""$(this).hide(); chatSuggest('Non-Veg')"";>Non-Veg</a><br>"
Veg,"Toppings<br><a class=""chatSuggest"" onclick=""$(this).hide(); chatSuggest('Mushrooms')"";>Mushrooms</a><a class=""chatSuggest"" onclick=""$(this).hide(); chatSuggest('Capsicum(bell pepper)')"";>Capsicum(bell pepper)</a><a class=""chatSuggest"" onclick=""$(this).hide(); chatSuggest('Sun-Dried Tomatoes')"";>Sun-Dried Tomatoes</a><a class=""chatSuggest"" onclick=""$(this).hide(); chatSuggest('Sweet Potato')"";>Sweet Potato </a><br><a class=""chatSuggest"" onclick=""$(this).hide(); chatSuggest('Onion')"";>Onion</a><a class=""chatSuggest"" onclick=""$(this).hide(); chatSuggest('Spinach')"";>Spinach</a><br>"
Mushrooms,"Choose your pizza?<br><img src=""/static/download.jpg""><br><a class=""chatSuggest"" onclick=""$(this).hide(); chatSuggest('Margherita')"";>Margherita</a><br><img src=""/static/download(1).jpg""><br><a class=""chatSuggest"" onclick=""$(this).hide(); chatSuggest('Farm pizza')"";>Farm pizza</a><br><img src=""/static/download(2).jpg""><br><a class=""chatSuggest"" onclick=""$(this).hide(); chatSuggest('Peppy Paneer')"";>Peppy Paneer</a><br><img src=""/static/download(3).jpg""><br><a class=""chatSuggest"" onclick=""$(this).hide(); chatSuggest('Mexican green wave')"";>Mexican green wave</a><br>"
Hello,"Hi I am Hot cherry from Yoyo pizza ! <img src=""https://data5.sticker.fan/stickers_storage/2020/03/21/file_1925490_128x128.png"">"
pizza,"what size of the pizza?<br><a class=""chatSuggest"" onclick=""$(this).hide(); chatSuggest('Small')"";>Small</a><br><a class=""chatSuggest"" onclick=""$(this).hide(); chatSuggest('Medium')"";>Medium</a><br><a class=""chatSuggest"" onclick=""$(this).hide(); chatSuggest('Large')"";>Large</a><br>"
Small,"crust size please<br><a class=""chatSuggest"" onclick=""$(this).hide(); chatSuggest('Thin')"";>Thin</a><br><a class=""chatSuggest"" onclick=""$(this).hide(); chatSuggest('Soft')"";>Soft</a><br><a class=""chatSuggest"" onclick=""$(this).hide(); chatSuggest('cheese-stuffed')"";>cheese-stuffed</a><br><a class=""chatSuggest"" onclick=""$(this).hide(); chatSuggest('Flatbread')"";>Flatbread</a><br><a class=""chatSuggest"" onclick=""$(this).hide(); chatSuggest('Sicilian Style')"";>Sicilian Style</a><br><a class=""chatSuggest"" onclick=""$(this).hide(); chatSuggest('Chicago Deep Dish')"";>Chicago Deep Dish</a><br><a class=""chatSuggest"" onclick=""$(this).hide(); chatSuggest('Neapolitan')"";>Neapolitan</a><br>"
Thin,"Type of pizza <br><a class=""chatSuggest"" onclick=""$(this).hide(); chatSuggest('Veg')"";>Veg</a><br><a class=""chatSuggest"" onclick=""$(this).hide(); chatSuggest('Non-Veg')"";>Non-Veg</a><br>"
Veg,"Toppings<br><a class=""chatSuggest"" onclick=""$(this).hide(); chatSuggest('Mushrooms')"";>Mushrooms</a><a class=""chatSuggest"" onclick=""$(this).hide(); chatSuggest('Capsicum(bell pepper)')"";>Capsicum(bell pepper)</a><a class=""chatSuggest"" onclick=""$(this).hide(); chatSuggest('Sun-Dried Tomatoes')"";>Sun-Dried Tomatoes</a><a class=""chatSuggest"" onclick=""$(this).hide(); chatSuggest('Sweet Potato')"";>Sweet Potato </a><br><a class=""chatSuggest"" onclick=""$(this).hide(); chatSuggest('Onion')"";>Onion</a><a class=""chatSuggest"" onclick=""$(this).hide(); chatSuggest('Spinach')"";>Spinach</a><br>"
Mushrooms,"Choose your pizza?<br><img src=""/static/download.jpg""><br><a class=""chatSuggest"" onclick=""$(this).hide(); chatSuggest('Margherita')"";>Margherita</a><br><img src=""/static/download (1).jpg""><br><a class=""chatSuggest"" onclick=""$(this).hide(); chatSuggest('Farm pizza')"";>Farm pizza</a><br><img src=""/static/download (2).jpg""><br><a class=""chatSuggest"" onclick=""$(this).hide(); chatSuggest('Peppy Paneer')"";>Peppy Paneer</a><br><img src=""/static/download (3).jpg""><br><a class=""chatSuggest"" onclick=""$(this).hide(); chatSuggest('Mexican green wave')"";>Mexican green wave</a><br>"
Hello,"Hi I am Hot cherry from Yoyo pizza ! <img src=""https://data5.sticker.fan/stickers_storage/2020/03/21/file_1925490_128x128.png"">"
pizza,"what size of the pizza?<br><a class=""chatSuggest"" onclick=""$(this).hide(); chatSuggest('Small')"";>Small</a><br><a class=""chatSuggest"" onclick=""$(this).hide(); chatSuggest('Medium')"";>Medium</a><br><a class=""chatSuggest"" onclick=""$(this).hide(); chatSuggest('Large')"";>Large</a><br>"
Small,"crust size please<br><a class=""chatSuggest"" onclick=""$(this).hide(); chatSuggest('Thin')"";>Thin</a><br><a class=""chatSuggest"" onclick=""$(this).hide(); chatSuggest('Soft')"";>Soft</a><br><a class=""chatSuggest"" onclick=""$(this).hide(); chatSuggest('cheese-stuffed')"";>cheese-stuffed</a><br><a class=""chatSuggest"" onclick=""$(this).hide(); chatSuggest('Flatbread')"";>Flatbread</a><br><a class=""chatSuggest"" onclick=""$(this).hide(); chatSuggest('Sicilian Style')"";>Sicilian Style</a><br><a class=""chatSuggest"" onclick=""$(this).hide(); chatSuggest('Chicago Deep Dish')"";>Chicago Deep Dish</a><br><a class=""chatSuggest"" onclick=""$(this).hide(); chatSuggest('Neapolitan')"";>Neapolitan</a><br>"
Thin,"Type of pizza <br><a class=""chatSuggest"" onclick=""$(this).hide(); chatSuggest('Veg')"";>Veg</a><br><a class=""chatSuggest"" onclick=""$(this).hide(); chatSuggest('Non-Veg')"";>Non-Veg</a><br>"
Non-Veg,"Toppings<br><a class=""chatSuggest"" onclick=""$(this).hide(); chatSuggest('Salami')"";>Salami</a><a class=""chatSuggest"" onclick=""$(this).hide(); chatSuggest('Pepperoni')"";>Pepperoni</a><a class=""chatSuggest"" onclick=""$(this).hide(); chatSuggest('Bacon')"";>Bacon</a><a class=""chatSuggest"" onclick=""$(this).hide(); chatSuggest('Chicken breasts')"";>Chicken breasts</a><br><a class=""chatSuggest"" onclick=""$(this).hide(); chatSuggest('Ham')"";>Ham</a><a class=""chatSuggest"" onclick=""$(this).hide(); chatSuggest('Sausages')"";>Sausages</a><br>"
Salami,"Choose your pizza?<br><img src=""/static/download (4).jpg""><br><br><a class=""chatSuggest"" onclick=""$(this).hide(); chatSuggest('Pepper Barbecue Chicken')"";>Pepper Barbecue Chicken</a><br><img src=""/static/download (5).jpg""><br><br><a class=""chatSuggest"" onclick=""$(this).hide(); chatSuggest('Chicken Sausage')"";>Chicken Sausage</a><br><img src=""/static/download (6).jpg""><br><br><a class=""chatSuggest"" onclick=""$(this).hide(); chatSuggest('Chicken Dominator')"";>Chicken Dominator</a><br><img src=""/static/download (7).jpg""><br><br><a class=""chatSuggest"" onclick=""$(this).hide(); chatSuggest('Indi Chicken Tikka')"";>Indi Chicken Tikka</a><br>"
Pepper Barbecue Chicken,"How many pizza?<br><a class=""chatSuggest"" onclick=""$(this).hide(); chatSuggest('1')"";>1</a><a class=""chatSuggest"" onclick=""$(this).hide(); chatSuggest('2')"";>2</a><a class=""chatSuggest"" onclick=""$(this).hide(); chatSuggest('3')"";>3</a><a class=""chatSuggest"" onclick=""$(this).hide(); chatSuggest('4')"";>4</a><a class=""chatSuggest"" onclick=""$(this).hide(); chatSuggest('5')"";>5</a><br>"
3,"Rs.750 Your order placed successfully!! <img src=""/static/bye.jpg"">"
status,"Preparing please wait <img src=""/static/unnamed.jpg"">"
Medium,"crust size please<br><a class=""chatSuggest"" onclick=""$(this).hide(); chatSuggest('Thin')"";>Thin</a><br><a class=""chatSuggest"" onclick=""$(this).hide(); chatSuggest('Soft')"";>Soft</a><br><a class=""chatSuggest"" onclick=""$(this).hide(); chatSuggest('cheese-stuffed')"";>cheese-stuffed</a><br><a class=""chatSuggest"" onclick=""$(this).hide(); chatSuggest('Flatbread')"";>Flatbread</a><br><a class=""chatSuggest"" onclick=""$(this).hide(); chatSuggest('Sicilian Style')"";>Sicilian Style</a><br><a class=""chatSuggest"" onclick=""$(this).hide(); chatSuggest('Chicago Deep Dish')"";>Chicago Deep Dish</a><br><a class=""chatSuggest"" onclick=""$(this).hide(); chatSuggest('Neapolitan')"";>Neapolitan</a><br>"
Large,"crust size please<br><a class=""chatSuggest"" onclick=""$(this).hide(); chatSuggest('Thin')"";>Thin</a><br><a class=""chatSuggest"" onclick=""$(this).hide(); chatSuggest('Soft')"";>Soft</a><br><a class=""chatSuggest"" onclick=""$(this).hide(); chatSuggest('cheese-stuffed')"";>cheese-stuffed</a><br><a class=""chatSuggest"" onclick=""$(this).hide(); chatSuggest('Flatbread')"";>Flatbread</a><br><a class=""chatSuggest"" onclick=""$(this).hide(); chatSuggest('Sicilian Style')"";>Sicilian Style</a><br><a class=""chatSuggest"" onclick=""$(this).hide(); chatSuggest('Chicago Deep Dish')"";>Chicago Deep Dish</a><br><a class=""chatSuggest"" onclick=""$(this).hide(); chatSuggest('Neapolitan')"";>Neapolitan</a><br>"
Thin,"Type of pizza <br><a class=""chatSuggest"" onclick=""$(this).hide(); chatSuggest('Veg')"";>Veg</a><br><a class=""chatSuggest"" onclick=""$(this).hide(); chatSuggest('Non-Veg')"";>Non-Veg</a><br>"
Soft,"Type of pizza <br><a class=""chatSuggest"" onclick=""$(this).hide(); chatSuggest('Veg')"";>Veg</a><br><a class=""chatSuggest"" onclick=""$(this).hide(); chatSuggest('Non-Veg')"";>Non-Veg</a><br>"
cheese-stuffed,"Type of pizza <br><a class=""chatSuggest"" onclick=""$(this).hide(); chatSuggest('Veg')"";>Veg</a><br><a class=""chatSuggest"" onclick=""$(this).hide(); chatSuggest('Non-Veg')"";>Non-Veg</a><br>"
Flatbread,"Type of pizza <br><a class=""chatSuggest"" onclick=""$(this).hide(); chatSuggest('Veg')"";>Veg</a><br><a class=""chatSuggest"" onclick=""$(this).hide(); chatSuggest('Non-Veg')"";>Non-Veg</a><br>"
Sicilian Style,"Type of pizza <br><a class=""chatSuggest"" onclick=""$(this).hide(); chatSuggest('Veg')"";>Veg</a><br><a class=""chatSuggest"" onclick=""$(this).hide(); chatSuggest('Non-Veg')"";>Non-Veg</a><br>"
Chicago Deep Dish,"Type of pizza <br><a class=""chatSuggest"" onclick=""$(this).hide(); chatSuggest('Veg')"";>Veg</a><br><a class=""chatSuggest"" onclick=""$(this).hide(); chatSuggest('Non-Veg')"";>Non-Veg</a><br>"
Neapolitan,"Type of pizza <br><a class=""chatSuggest"" onclick=""$(this).hide(); chatSuggest('Veg')"";>Veg</a><br><a class=""chatSuggest"" onclick=""$(this).hide(); chatSuggest('Non-Veg')"";>Non-Veg</a><br>"
Veg,"Toppings<br><a class=""chatSuggest"" onclick=""$(this).hide(); chatSuggest('Mushrooms')"";>Mushrooms</a><a class=""chatSuggest"" onclick=""$(this).hide(); chatSuggest('Capsicum(bell pepper)')"";>Capsicum(bell pepper)</a><a class=""chatSuggest"" onclick=""$(this).hide(); chatSuggest('Sun-Dried Tomatoes')"";>Sun-Dried Tomatoes</a><a class=""chatSuggest"" onclick=""$(this).hide(); chatSuggest('Sweet Potato')"";>Sweet Potato </a><br><a class=""chatSuggest"" onclick=""$(this).hide(); chatSuggest('Onion')"";>Onion</a><a class=""chatSuggest"" onclick=""$(this).hide(); chatSuggest('Spinach')"";>Spinach</a><br>"
Non-Veg,"Toppings<br><a class=""chatSuggest"" onclick=""$(this).hide(); chatSuggest('Salami')"";>Salami</a><a class=""chatSuggest"" onclick=""$(this).hide(); chatSuggest('Pepperoni')"";>Pepperoni</a><a class=""chatSuggest"" onclick=""$(this).hide(); chatSuggest('Bacon')"";>Bacon</a><a class=""chatSuggest"" onclick=""$(this).hide(); chatSuggest('Chicken breasts')"";>Chicken breasts</a><br><a class=""chatSuggest"" onclick=""$(this).hide(); chatSuggest('Ham')"";>Ham</a><a class=""chatSuggest"" onclick=""$(this).hide(); chatSuggest('Sausages')"";>Sausages</a><br>"
Mushrooms,"Choose your pizza?<br><img src=""/static/download.jpg""><br><br><a class=""chatSuggest"" onclick=""$(this).hide(); chatSuggest('Margherita')"";>Margherita</a><br><img src=""/static/download (1).jpg""><br><br><a class=""chatSuggest"" onclick=""$(this).hide(); chatSuggest('Farm pizza')"";>Farm pizza</a><br><img src=""/static/download (2).jpg""><br><br><a class=""chatSuggest"" onclick=""$(this).hide(); chatSuggest('Peppy Paneer')"";>Peppy Paneer</a><br><img src=""/static/download (3).jpg""><br><br><a class=""chatSuggest"" onclick=""$(this).hide(); chatSuggest('Mexican green wave')"";>Mexican green wave</a><br>"
Capsicum(bell pepper),"Choose your pizza?<br><img src=""/static/download.jpg""><br><br><a class=""chatSuggest"" onclick=""$(this).hide(); chatSuggest('Margherita')"";>Margherita</a><br><img src=""/static/download (1).jpg""><br><br><a class=""chatSuggest"" onclick=""$(this).hide(); chatSuggest('Farm pizza')"";>Farm pizza</a><br><img src=""/static/download (2).jpg""><br><br><a class=""chatSuggest"" onclick=""$(this).hide(); chatSuggest('Peppy Paneer')"";>Peppy Paneer</a><br><img src=""/static/download (3).jpg""><br><br><a class=""chatSuggest"" onclick=""$(this).hide(); chatSuggest('Mexican green wave')"";>Mexican green wave</a><br>"
Sun-Dried Tomatoes,"Choose your pizza?<br><img src=""/static/download.jpg""><br><br><a class=""chatSuggest"" onclick=""$(this).hide(); chatSuggest('Margherita')"";>Margherita</a><br><img src=""/static/download (1).jpg""><br><br><a class=""chatSuggest"" onclick=""$(this).hide(); chatSuggest('Farm pizza')"";>Farm pizza</a><br><img src=""/static/download (2).jpg""><br><br><a class=""chatSuggest"" onclick=""$(this).hide(); chatSuggest('Peppy Paneer')"";>Peppy Paneer</a><br><img src=""/static/download (3).jpg""><br><br><a class=""chatSuggest"" onclick=""$(this).hide(); chatSuggest('Mexican green wave')"";>Mexican green wave</a><br>"
Sweet Potato,"Choose your pizza?<br><img src=""/static/download.jpg""><br><br><a class=""chatSuggest"" onclick=""$(this).hide(); chatSuggest('Margherita')"";>Margherita</a><br><img src=""/static/download (1).jpg""><br><br><a class=""chatSuggest"" onclick=""$(this).hide(); chatSuggest('Farm pizza')"";>Farm pizza</a><br><img src=""/static/download (2).jpg""><br><br><a class=""chatSuggest"" onclick=""$(this).hide(); chatSuggest('Peppy Paneer')"";>Peppy Paneer</a><br><img src=""/static/download (3).jpg""><br><br><a class=""chatSuggest"" onclick=""$(this).hide(); chatSuggest('Mexican green wave')"";>Mexican green wave</a><br>"
Onion,"Choose your pizza?<br><img src=""/static/download.jpg""><br><br><a class=""chatSuggest"" onclick=""$(this).hide(); chatSuggest('Margherita')"";>Margherita</a><br><img src=""/static/download (1).jpg""><br><br><a class=""chatSuggest"" onclick=""$(this).hide(); chatSuggest('Farm pizza')"";>Farm pizza</a><br><img src=""/static/download (2).jpg""><br><br><a class=""chatSuggest"" onclick=""$(this).hide(); chatSuggest('Peppy Paneer')"";>Peppy Paneer</a><br><img src=""/static/download (3).jpg""><br><br><a class=""chatSuggest"" onclick=""$(this).hide(); chatSuggest('Mexican green wave')"";>Mexican green wave</a><br>"
Spinach,"Choose your pizza?<br><img src=""/static/download.jpg""><br><br><a class=""chatSuggest"" onclick=""$(this).hide(); chatSuggest('Margherita')"";>Margherita</a><br><img src=""/static/download (1).jpg""><br><br><a class=""chatSuggest"" onclick=""$(this).hide(); chatSuggest('Farm pizza')"";>Farm pizza</a><br><img src=""/static/download (2).jpg""><br><br><a class=""chatSuggest"" onclick=""$(this).hide(); chatSuggest('Peppy Paneer')"";>Peppy Paneer</a><br><img src=""/static/download (3).jpg""><br><br><a class=""chatSuggest"" onclick=""$(this).hide(); chatSuggest('Mexican green wave')"";>Mexican green wave</a><br>"
Salami,"Choose your pizza?<br><img src=""/static/download (4).jpg""><br><br><a class=""chatSuggest"" onclick=""$(this).hide(); chatSuggest('Pepper Barbecue Chicken')"";>Pepper Barbecue Chicken</a><br><img src=""/static/download (5).jpg""><br><br><a class=""chatSuggest"" onclick=""$(this).hide(); chatSuggest('Chicken Sausage')"";>Chicken Sausage</a><br><img src=""/static/download (6).jpg""><br><br><a class=""chatSuggest"" onclick=""$(this).hide(); chatSuggest('Chicken Dominator')"";>Chicken Dominator</a><br><img src=""/static/download (7).jpg""><br><br><a class=""chatSuggest"" onclick=""$(this).hide(); chatSuggest('Indi Chicken Tikka')"";>Indi Chicken Tikka</a><br>"
Pepperoni,"Choose your pizza?<br><img src=""/static/download (4).jpg""><br><br><a class=""chatSuggest"" onclick=""$(this).hide(); chatSuggest('Pepper Barbecue Chicken')"";>Pepper Barbecue Chicken</a><br><img src=""/static/download (5).jpg""><br><br><a class=""chatSuggest"" onclick=""$(this).hide(); chatSuggest('Chicken Sausage')"";>Chicken Sausage</a><br><img src=""/static/download (6).jpg""><br><br><a class=""chatSuggest"" onclick=""$(this).hide(); chatSuggest('Chicken Dominator')"";>Chicken Dominator</a><br><img src=""/static/download (7).jpg""><br><br><a class=""chatSuggest"" onclick=""$(this).hide(); chatSuggest('Indi Chicken Tikka')"";>Indi Chicken Tikka</a><br>"
Chicken breasts,"Choose your pizza?<br><img src=""/static/download (4).jpg""><br><br><a class=""chatSuggest"" onclick=""$(this).hide(); chatSuggest('Pepper Barbecue Chicken')"";>Pepper Barbecue Chicken</a><br><img src=""/static/download (5).jpg""><br><br><a class=""chatSuggest"" onclick=""$(this).hide(); chatSuggest('Chicken Sausage')"";>Chicken Sausage</a><br><img src=""/static/download (6).jpg""><br><br><a class=""chatSuggest"" onclick=""$(this).hide(); chatSuggest('Chicken Dominator')"";>Chicken Dominator</a><br><img src=""/static/download (7).jpg""><br><br><a class=""chatSuggest"" onclick=""$(this).hide(); chatSuggest('Indi Chicken Tikka')"";>Indi Chicken Tikka</a><br>"
Indi Chicken Tikka,"How many pizza?<br><a class=""chatSuggest"" onclick=""$(this).hide(); chatSuggest('1')"";>1</a><a class=""chatSuggest"" onclick=""$(this).hide(); chatSuggest('2')"";>2</a><a class=""chatSuggest"" onclick=""$(this).hide(); chatSuggest('3')"";>3</a><a class=""chatSuggest"" onclick=""$(this).hide(); chatSuggest('4')"";>4</a><a class=""chatSuggest"" onclick=""$(this).hide(); chatSuggest('5')"";>5</a><br>"
5,"Rs.1250 Your order placed successfully!! <img src=""/static/bye.jpg"">"
3,"Rs.750 Your order placed successfully!! <img src=""/static/bye.jpg"">"
Hello,"Hi I am Hot cherry from Yoyo pizza ! <img src=""https://data5.sticker.fan/stickers_storage/2020/03/21/file_1925490_128x128.png"">"
pizza,"what size of the pizza?<br><a class=""chatSuggest"" onclick=""$(this).hide(); chatSuggest('Small')"";>Small</a><br><a class=""chatSuggest"" onclick=""$(this).hide(); chatSuggest('Medium')"";>Medium</a><br><a class=""chatSuggest"" onclick=""$(this).hide(); chatSuggest('Large')"";>Large</a><br>"
Small,"crust size please<br><a class=""chatSuggest"" onclick=""$(this).hide(); chatSuggest('Thin')"";>Thin</a><br><a class=""chatSuggest"" onclick=""$(this).hide(); chatSuggest('Soft')"";>Soft</a><br><a class=""chatSuggest"" onclick=""$(this).hide(); chatSuggest('cheese-stuffed')"";>cheese-stuffed</a><br><a class=""chatSuggest"" onclick=""$(this).hide(); chatSuggest('Flatbread')"";>Flatbread</a><br><a class=""chatSuggest"" onclick=""$(this).hide(); chatSuggest('Sicilian Style')"";>Sicilian Style</a><br><a class=""chatSuggest"" onclick=""$(this).hide(); chatSuggest('Chicago Deep Dish')"";>Chicago Deep Dish</a><br><a class=""chatSuggest"" onclick=""$(this).hide(); chatSuggest('Neapolitan')"";>Neapolitan</a><br>"
Sicilian Style,"Type of pizza <br><a class=""chatSuggest"" onclick=""$(this).hide(); chatSuggest('Veg')"";>Veg</a><br><a class=""chatSuggest"" onclick=""$(this).hide(); chatSuggest('Non-Veg')"";>Non-Veg</a><br>"
Non-Veg,"Toppings<br><a class=""chatSuggest"" onclick=""$(this).hide(); chatSuggest('Salami')"";>Salami</a><a class=""chatSuggest"" onclick=""$(this).hide(); chatSuggest('Pepperoni')"";>Pepperoni</a><a class=""chatSuggest"" onclick=""$(this).hide(); chatSuggest('Bacon')"";>Bacon</a><a class=""chatSuggest"" onclick=""$(this).hide(); chatSuggest('Chicken breasts')"";>Chicken breasts</a><br><a class=""chatSuggest"" onclick=""$(this).hide(); chatSuggest('Ham')"";>Ham</a><a class=""chatSuggest"" onclick=""$(this).hide(); chatSuggest('Sausages')"";>Sausages</a><br>"
Salami,"Choose your pizza?<br><a class=""chatSuggest"" onclick=""$(this).hide(); chatSuggest('Pepper Barbecue Chicken')"";>Pepper Barbecue Chicken</a><br><img src=""/static/download (4).jpg""><br><br><a class=""chatSuggest"" onclick=""$(this).hide(); chatSuggest('Chicken Sausage')"";>Chicken Sausage</a><br><img src=""/static/download (5).jpg""><br><br><a class=""chatSuggest"" onclick=""$(this).hide(); chatSuggest('Chicken Dominator')"";>Chicken Dominator</a><br><img src=""/static/download (6).jpg""><br><br><a class=""chatSuggest"" onclick=""$(this).hide(); chatSuggest('Indi Chicken Tikka')"";>Indi Chicken Tikka</a><br><img src=""/static/download (7).jpg""><br>"
Pepper Barbecue Chicken,"How many pizza?<br><a class=""chatSuggest"" onclick=""$(this).hide(); chatSuggest('1')"";>1</a><a class=""chatSuggest"" onclick=""$(this).hide(); chatSuggest('2')"";>2</a><a class=""chatSuggest"" onclick=""$(this).hide(); chatSuggest('3')"";>3</a><a class=""chatSuggest"" onclick=""$(this).hide(); chatSuggest('4')"";>4</a><a class=""chatSuggest"" onclick=""$(this).hide(); chatSuggest('5')"";>5</a><br>"
3,"Rs.750 Your order placed successfully!! <img src=""/static/bye.jpg"">"
order status,"Preparing please wait <img src=""/static/3.png"">"
where is the order,Will be delivered soon!!
bye,"<img src=""/static/download (8).jpg"">"
Hello,"Hi I am Hot cherry from Yoyo pizza ! <img src=""https://data5.sticker.fan/stickers_storage/2020/03/21/file_1925490_128x128.png"">"
pizza,"what size of the pizza?<br><a class=""chatSuggest"" onclick=""$(this).hide(); chatSuggest('Small')"";>Small</a><br><a class=""chatSuggest"" onclick=""$(this).hide(); chatSuggest('Medium')"";>Medium</a><br><a class=""chatSuggest"" onclick=""$(this).hide(); chatSuggest('Large')"";>Large</a><br>"
Small,"crust size please<br><a class=""chatSuggest"" onclick=""$(this).hide(); chatSuggest('Thin')"";>Thin</a><br><a class=""chatSuggest"" onclick=""$(this).hide(); chatSuggest('Soft')"";>Soft</a><br><a class=""chatSuggest"" onclick=""$(this).hide(); chatSuggest('cheese-stuffed')"";>cheese-stuffed</a><br><a class=""chatSuggest"" onclick=""$(this).hide(); chatSuggest('Flatbread')"";>Flatbread</a><br><a class=""chatSuggest"" onclick=""$(this).hide(); chatSuggest('Sicilian Style')"";>Sicilian Style</a><br><a class=""chatSuggest"" onclick=""$(this).hide(); chatSuggest('Chicago Deep Dish')"";>Chicago Deep Dish</a><br><a class=""chatSuggest"" onclick=""$(this).hide(); chatSuggest('Neapolitan')"";>Neapolitan</a><br>"
Thin,"Type of pizza <br><a class=""chatSuggest"" onclick=""$(this).hide(); chatSuggest('Veg')"";>Veg</a><br><a class=""chatSuggest"" onclick=""$(this).hide(); chatSuggest('Non-Veg')"";>Non-Veg</a><br>"
Veg,"Toppings<br><a class=""chatSuggest"" onclick=""$(this).hide(); chatSuggest('Mushrooms')"";>Mushrooms</a><a class=""chatSuggest"" onclick=""$(this).hide(); chatSuggest('Capsicum(bell pepper)')"";>Capsicum(bell pepper)</a><a class=""chatSuggest"" onclick=""$(this).hide(); chatSuggest('Sun-Dried Tomatoes')"";>Sun-Dried Tomatoes</a><a class=""chatSuggest"" onclick=""$(this).hide(); chatSuggest('Sweet Potato')"";>Sweet Potato </a><br><a class=""chatSuggest"" onclick=""$(this).hide(); chatSuggest('Onion')"";>Onion</a><a class=""chatSuggest"" onclick=""$(this).hide(); chatSuggest('Spinach')"";>Spinach</a><br>"
Sweet Potato,"Choose your pizza?<br><a class=""chatSuggest"" onclick=""$(this).hide(); chatSuggest('Margherita')"";>Margherita</a><br><img src=""/static/download.jpg""><br><br><a class=""chatSuggest"" onclick=""$(this).hide(); chatSuggest('Farm pizza')"";>Farm pizza</a><img src=""/static/download (1).jpg""><br><br><a class=""chatSuggest"" onclick=""$(this).hide(); chatSuggest('Peppy Paneer')"";>Peppy Paneer</a><br><img src=""/static/download (2).jpg""><br><br><a class=""chatSuggest"" onclick=""$(this).hide(); chatSuggest('Mexican green wave')"";>Mexican green wave</a><br><img src=""/static/download (3).jpg""><br>"
Mexican green wave,"How many pizza?<br><a class=""chatSuggest"" onclick=""$(this).hide(); chatSuggest('1')"";>1</a><a class=""chatSuggest"" onclick=""$(this).hide(); chatSuggest('2')"";>2</a><a class=""chatSuggest"" onclick=""$(this).hide(); chatSuggest('3')"";>3</a><a class=""chatSuggest"" onclick=""$(this).hide(); chatSuggest('4')"";>4</a><a class=""chatSuggest"" onclick=""$(this).hide(); chatSuggest('5')"";>5</a><br>"
3,"Rs.750 Your order placed successfully!! <img src=""/static/3.jpg"">"
status,"Preparing please wait <img src=""/static/pre.png"">"
where is my pizza,"Will be delivered soon!! <img src=""/static/del.png"">"
ok bye,"<img src=""/static/finalbye.jpg"">"
Hello,"Hi I am Hot cherry from Yoyo pizza ! <img src=""https://data5.sticker.fan/stickers_storage/2020/03/21/file_1925490_128x128.png"">"
pizza,"what size of the pizza?<br><a class=""chatSuggest"" onclick=""$(this).hide(); chatSuggest('Small')"";>Small</a><br><a class=""chatSuggest"" onclick=""$(this).hide(); chatSuggest('Medium')"";>Medium</a><br><a class=""chatSuggest"" onclick=""$(this).hide(); chatSuggest('Large')"";>Large</a><br>"
Medium,"crust size please<br><a class=""chatSuggest"" onclick=""$(this).hide(); chatSuggest('Thin')"";>Thin</a><br><a class=""chatSuggest"" onclick=""$(this).hide(); chatSuggest('Soft')"";>Soft</a><br><a class=""chatSuggest"" onclick=""$(this).hide(); chatSuggest('cheese-stuffed')"";>cheese-stuffed</a><br><a class=""chatSuggest"" onclick=""$(this).hide(); chatSuggest('Flatbread')"";>Flatbread</a><br><a class=""chatSuggest"" onclick=""$(this).hide(); chatSuggest('Sicilian Style')"";>Sicilian Style</a><br><a class=""chatSuggest"" onclick=""$(this).hide(); chatSuggest('Chicago Deep Dish')"";>Chicago Deep Dish</a><br><a class=""chatSuggest"" onclick=""$(this).hide(); chatSuggest('Neapolitan')"";>Neapolitan</a><br>"
Flatbread,"Type of pizza <br><a class=""chatSuggest"" onclick=""$(this).hide(); chatSuggest('Veg')"";>Veg</a><br><a class=""chatSuggest"" onclick=""$(this).hide(); chatSuggest('Non-Veg')"";>Non-Veg</a><br>"
Non-Veg,"Toppings<br><a class=""chatSuggest"" onclick=""$(this).hide(); chatSuggest('Salami')"";>Salami</a><a class=""chatSuggest"" onclick=""$(this).hide(); chatSuggest('Pepperoni')"";>Pepperoni</a><a class=""chatSuggest"" onclick=""$(this).hide(); chatSuggest('Bacon')"";>Bacon</a><a class=""chatSuggest"" onclick=""$(this).hide(); chatSuggest('Chicken breasts')"";>Chicken breasts</a><br><a class=""chatSuggest"" onclick=""$(this).hide(); chatSuggest('Ham')"";>Ham</a><a class=""chatSuggest"" onclick=""$(this).hide(); chatSuggest('Sausages')"";>Sausages</a><br>"
Ham,"Choose your pizza?<br><a class=""chatSuggest"" onclick=""$(this).hide(); chatSuggest('Pepper Barbecue Chicken')"";>Pepper Barbecue Chicken</a><br><img src=""/static/download (4).jpg""><br><br><a class=""chatSuggest"" onclick=""$(this).hide(); chatSuggest('Chicken Sausage')"";>Chicken Sausage</a><br><img src=""/static/download (5).jpg""><br><br><a class=""chatSuggest"" onclick=""$(this).hide(); chatSuggest('Chicken Dominator')"";>Chicken Dominator</a><br><img src=""/static/download (6).jpg""><br><br><a class=""chatSuggest"" onclick=""$(this).hide(); chatSuggest('Indi Chicken Tikka')"";>Indi Chicken Tikka</a><br><img src=""/static/download (7).jpg""><br>"
Indi Chicken Tikka,"How many pizza?<br><a class=""chatSuggest"" onclick=""$(this).hide(); chatSuggest('1')"";>1</a><a class=""chatSuggest"" onclick=""$(this).hide(); chatSuggest('2')"";>2</a><a class=""chatSuggest"" onclick=""$(this).hide(); chatSuggest('3')"";>3</a><a class=""chatSuggest"" onclick=""$(this).hide(); chatSuggest('4')"";>4</a><a class=""chatSuggest"" onclick=""$(this).hide(); chatSuggest('5')"";>5</a><br>"
2,"Rs.499 Your order placed successfully!! <img src=""/static/3.png"">"
status,"Preparing please wait <img src=""/static/pre.png"">"
where is the pizza,"what size of the pizza?<br><a class=""chatSuggest"" onclick=""$(this).hide(); chatSuggest('Small')"";>Small</a><br><a class=""chatSuggest"" onclick=""$(this).hide(); chatSuggest('Medium')"";>Medium</a><br><a class=""chatSuggest"" onclick=""$(this).hide(); chatSuggest('Large')"";>Large</a><br>"
where is pizza,"what size of the pizza?<br><a class=""chatSuggest"" onclick=""$(this).hide(); chatSuggest('Small')"";>Small</a><br><a class=""chatSuggest"" onclick=""$(this).hide(); chatSuggest('Medium')"";>Medium</a><br><a class=""chatSuggest"" onclick=""$(this).hide(); chatSuggest('Large')"";>Large</a><br>"
where is the order,"Will be delivered soon!! <img src=""/static/del.png"">"
bye,"<img src=""/static/finalbye.png"">"
Veg,"Toppings<br><a class=""chatSuggest"" onclick=""$(this).hide(); chatSuggest('Mushrooms')"";>Mushrooms</a><a class=""chatSuggest"" onclick=""$(this).hide(); chatSuggest('Capsicum(bell pepper)')"";>Capsicum(bell pepper)</a><a class=""chatSuggest"" onclick=""$(this).hide(); chatSuggest('Sun-Dried Tomatoes')"";>Sun-Dried Tomatoes</a><a class=""chatSuggest"" onclick=""$(this).hide(); chatSuggest('Sweet Potato')"";>Sweet Potato </a><br><a class=""chatSuggest"" onclick=""$(this).hide(); chatSuggest('Onion')"";>Onion</a><a class=""chatSuggest"" onclick=""$(this).hide(); chatSuggest('Spinach')"";>Spinach</a><br>"
Mushrooms,"Choose your pizza?<br><a class=""chatSuggest"" onclick=""$(this).hide(); chatSuggest('Margherita')"";>Margherita</a><br><img src=""/static/download.jpg""><br><br><a class=""chatSuggest"" onclick=""$(this).hide(); chatSuggest('Farm pizza')"";>Farm pizza</a><img src=""/static/download (1).jpg""><br><br><a class=""chatSuggest"" onclick=""$(this).hide(); chatSuggest('Peppy Paneer')"";>Peppy Paneer</a><br><img src=""/static/download (2).jpg""><br><br><a class=""chatSuggest"" onclick=""$(this).hide(); chatSuggest('Mexican green wave')"";>Mexican green wave</a><br><img src=""/static/download (3).jpg""><br>"
Large,"crust size please<br><a class=""chatSuggest"" onclick=""$(this).hide(); chatSuggest('Thin')"";>Thin</a><br><a class=""chatSuggest"" onclick=""$(this).hide(); chatSuggest('Soft')"";>Soft</a><br><a class=""chatSuggest"" onclick=""$(this).hide(); chatSuggest('cheese-stuffed')"";>cheese-stuffed</a><br><a class=""chatSuggest"" onclick=""$(this).hide(); chatSuggest('Flatbread')"";>Flatbread</a><br><a class=""chatSuggest"" onclick=""$(this).hide(); chatSuggest('Sicilian Style')"";>Sicilian Style</a><br><a class=""chatSuggest"" onclick=""$(this).hide(); chatSuggest('Chicago Deep Dish')"";>Chicago Deep Dish</a><br><a class=""chatSuggest"" onclick=""$(this).hide(); chatSuggest('Neapolitan')"";>Neapolitan</a><br>"
Soft,"Type of pizza <br><a class=""chatSuggest"" onclick=""$(this).hide(); chatSuggest('Veg')"";>Veg</a><br><a class=""chatSuggest"" onclick=""$(this).hide(); chatSuggest('Non-Veg')"";>Non-Veg</a><br>"
Non-Veg,"Toppings<br><a class=""chatSuggest"" onclick=""$(this).hide(); chatSuggest('Salami')"";>Salami</a><a class=""chatSuggest"" onclick=""$(this).hide(); chatSuggest('Pepperoni')"";>Pepperoni</a><a class=""chatSuggest"" onclick=""$(this).hide(); chatSuggest('Bacon')"";>Bacon</a><a class=""chatSuggest"" onclick=""$(this).hide(); chatSuggest('Chicken breasts')"";>Chicken breasts</a><br><a class=""chatSuggest"" onclick=""$(this).hide(); chatSuggest('Ham')"";>Ham</a><a class=""chatSuggest"" onclick=""$(this).hide(); chatSuggest('Sausages')"";>Sausages</a><br>"
Bacon,"Choose your pizza?<br><a class=""chatSuggest"" onclick=""$(this).hide(); chatSuggest('Pepper Barbecue Chicken')"";>Pepper Barbecue Chicken</a><br><img src=""/static/download (4).jpg""><br><br><a class=""chatSuggest"" onclick=""$(this).hide(); chatSuggest('Chicken Sausage')"";>Chicken Sausage</a><br><img src=""/static/download (5).jpg""><br><br><a class=""chatSuggest"" onclick=""$(this).hide(); chatSuggest('Chicken Dominator')"";>Chicken Dominator</a><br><img src=""/static/download (6).jpg""><br><br><a class=""chatSuggest"" onclick=""$(this).hide(); chatSuggest('Indi Chicken Tikka')"";>Indi Chicken Tikka</a><br><img src=""/static/download (7).jpg""><br>"
Salami,"Choose your pizza?<br><a class=""chatSuggest"" onclick=""$(this).hide(); chatSuggest('Pepper Barbecue Chicken')"";>Pepper Barbecue Chicken</a><br><img src=""/static/download (4).jpg""><br><br><a class=""chatSuggest"" onclick=""$(this).hide(); chatSuggest('Chicken Sausage')"";>Chicken Sausage</a><br><img src=""/static/download (5).jpg""><br><br><a class=""chatSuggest"" onclick=""$(this).hide(); chatSuggest('Chicken Dominator')"";>Chicken Dominator</a><br><img src=""/static/download (6).jpg""><br><br><a class=""chatSuggest"" onclick=""$(this).hide(); chatSuggest('Indi Chicken Tikka')"";>Indi Chicken Tikka</a><br><img src=""/static/download (7).jpg""><br>"
Pepperoni,"Choose your pizza?<br><img src=""/static/download (4).jpg""><br><br><a class=""chatSuggest"" onclick=""$(this).hide(); chatSuggest('Pepper Barbecue Chicken')"";>Pepper Barbecue Chicken</a><br><img src=""/static/download (5).jpg""><br><br><a class=""chatSuggest"" onclick=""$(this).hide(); chatSuggest('Chicken Sausage')"";>Chicken Sausage</a><br><img src=""/static/download (6).jpg""><br><br><a class=""chatSuggest"" onclick=""$(this).hide(); chatSuggest('Chicken Dominator')"";>Chicken Dominator</a><br><img src=""/static/download (7).jpg""><br><br><a class=""chatSuggest"" onclick=""$(this).hide(); chatSuggest('Indi Chicken Tikka')"";>Indi Chicken Tikka</a><br>"
Capsicum(bell pepper),"Choose your pizza?<br><a class=""chatSuggest"" onclick=""$(this).hide(); chatSuggest('Margherita')"";>Margherita</a><br><img src=""/static/download.jpg""><br><br><a class=""chatSuggest"" onclick=""$(this).hide(); chatSuggest('Farm pizza')"";>Farm pizza</a><img src=""/static/download (1).jpg""><br><br><a class=""chatSuggest"" onclick=""$(this).hide(); chatSuggest('Peppy Paneer')"";>Peppy Paneer</a><br><img src=""/static/download (2).jpg""><br><br><a class=""chatSuggest"" onclick=""$(this).hide(); chatSuggest('Mexican green wave')"";>Mexican green wave</a><br><img src=""/static/download (3).jpg""><br>"
Veg,"Toppings<br><a class=""chatSuggest"" onclick=""$(this).hide(); chatSuggest('Mushrooms')"";>Mushrooms</a><a class=""chatSuggest"" onclick=""$(this).hide(); chatSuggest('Capsicum(bell pepper)')"";>Capsicum(bell pepper)</a><a class=""chatSuggest"" onclick=""$(this).hide(); chatSuggest('Sun-Dried Tomatoes')"";>Sun-Dried Tomatoes</a><a class=""chatSuggest"" onclick=""$(this).hide(); chatSuggest('Sweet Potato')"";>Sweet Potato </a><br><a class=""chatSuggest"" onclick=""$(this).hide(); chatSuggest('Onion')"";>Onion</a><a class=""chatSuggest"" onclick=""$(this).hide(); chatSuggest('Spinach')"";>Spinach</a><br>"
Sweet Potato,"Choose your pizza?<br><a class=""chatSuggest"" onclick=""$(this).hide(); chatSuggest('Margherita')"";>Margherita</a><br><img src=""/static/download.jpg""><br><br><a class=""chatSuggest"" onclick=""$(this).hide(); chatSuggest('Farm pizza')"";>Farm pizza</a><img src=""/static/download (1).jpg""><br><br><a class=""chatSuggest"" onclick=""$(this).hide(); chatSuggest('Peppy Paneer')"";>Peppy Paneer</a><br><img src=""/static/download (2).jpg""><br><br><a class=""chatSuggest"" onclick=""$(this).hide(); chatSuggest('Mexican green wave')"";>Mexican green wave</a><br><img src=""/static/download (3).jpg""><br>"
Hello,"Hi I am Hot cherry from Yoyo pizza ! <img src=""https://data5.sticker.fan/stickers_storage/2020/03/21/file_1925490_128x128.png"">"
order a pizza,"what size of the pizza?<br><a class=""chatSuggest"" onclick=""$(this).hide(); chatSuggest('Small')"";>Small</a><br><a class=""chatSuggest"" onclick=""$(this).hide(); chatSuggest('Medium')"";>Medium</a><br><a class=""chatSuggest"" onclick=""$(this).hide(); chatSuggest('Large')"";>Large</a><br>"
Medium,"crust size please<br><a class=""chatSuggest"" onclick=""$(this).hide(); chatSuggest('Thin')"";>Thin</a><br><a class=""chatSuggest"" onclick=""$(this).hide(); chatSuggest('Soft')"";>Soft</a><br><a class=""chatSuggest"" onclick=""$(this).hide(); chatSuggest('cheese-stuffed')"";>cheese-stuffed</a><br><a class=""chatSuggest"" onclick=""$(this).hide(); chatSuggest('Flatbread')"";>Flatbread</a><br><a class=""chatSuggest"" onclick=""$(this).hide(); chatSuggest('Sicilian Style')"";>Sicilian Style</a><br><a class=""chatSuggest"" onclick=""$(this).hide(); chatSuggest('Chicago Deep Dish')"";>Chicago Deep Dish</a><br><a class=""chatSuggest"" onclick=""$(this).hide(); chatSuggest('Neapolitan')"";>Neapolitan</a><br>"
Soft,"Type of pizza <br><a class=""chatSuggest"" onclick=""$(this).hide(); chatSuggest('Veg')"";>Veg</a><br><a class=""chatSuggest"" onclick=""$(this).hide(); chatSuggest('Non-Veg')"";>Non-Veg</a><br>"
Non-Veg,"Toppings<br><a class=""chatSuggest"" onclick=""$(this).hide(); chatSuggest('Salami')"";>Salami</a><a class=""chatSuggest"" onclick=""$(this).hide(); chatSuggest('Pepperoni')"";>Pepperoni</a><a class=""chatSuggest"" onclick=""$(this).hide(); chatSuggest('Bacon')"";>Bacon</a><a class=""chatSuggest"" onclick=""$(this).hide(); chatSuggest('Chicken breasts')"";>Chicken breasts</a><br><a class=""chatSuggest"" onclick=""$(this).hide(); chatSuggest('Ham')"";>Ham</a><a class=""chatSuggest"" onclick=""$(this).hide(); chatSuggest('Sausages')"";>Sausages</a><br>"
Pepperoni,"Choose your pizza?<br><a class=""chatSuggest"" onclick=""$(this).hide(); chatSuggest('Pepper Barbecue Chicken')"";>Pepper Barbecue Chicken</a><br><img src=""/static/download (4).jpg""><br><br><a class=""chatSuggest"" onclick=""$(this).hide(); chatSuggest('Chicken Sausage')"";>Chicken Sausage</a><br><img src=""/static/download (5).jpg""><br><br><a class=""chatSuggest"" onclick=""$(this).hide(); chatSuggest('Chicken Dominator')"";>Chicken Dominator</a><br><img src=""/static/download (6).jpg""><br><br><a class=""chatSuggest"" onclick=""$(this).hide(); chatSuggest('Indi Chicken Tikka')"";>Indi Chicken Tikka</a><br><img src=""/static/download (7).jpg""><br>"
Indi Chicken Tikka,"How many pizza?<br><a class=""chatSuggest"" onclick=""$(this).hide(); chatSuggest('1')"";>1</a><a class=""chatSuggest"" onclick=""$(this).hide(); chatSuggest('2')"";>2</a><a class=""chatSuggest"" onclick=""$(this).hide(); chatSuggest('3')"";>3</a><a class=""chatSuggest"" onclick=""$(this).hide(); chatSuggest('4')"";>4</a><a class=""chatSuggest"" onclick=""$(this).hide(); chatSuggest('5')"";>5</a><br>"
4,"Rs.999 Your order placed successfully!! <img src=""/static/3.png"">"
Veg,"Toppings<br><a class=""chatSuggest"" onclick=""$(this).hide(); chatSuggest('Mushrooms')"";>Mushrooms</a><a class=""chatSuggest"" onclick=""$(this).hide(); chatSuggest('Capsicum(bell pepper)')"";>Capsicum(bell pepper)</a><a class=""chatSuggest"" onclick=""$(this).hide(); chatSuggest('Sun-Dried Tomatoes')"";>Sun-Dried Tomatoes</a><a class=""chatSuggest"" onclick=""$(this).hide(); chatSuggest('Sweet Potato')"";>Sweet Potato </a><br><a class=""chatSuggest"" onclick=""$(this).hide(); chatSuggest('Onion')"";>Onion</a><a class=""chatSuggest"" onclick=""$(this).hide(); chatSuggest('Spinach')"";>Spinach</a><br>"
Mushrooms,"Choose your pizza?<br><a class=""chatSuggest"" onclick=""$(this).hide(); chatSuggest('Margherita')"";>Margherita</a><br><img src=""/static/download.jpg""><br><br><a class=""chatSuggest"" onclick=""$(this).hide(); chatSuggest('Farm pizza')"";>Farm pizza</a><br><img src=""/static/download (1).jpg""><br><br><a class=""chatSuggest"" onclick=""$(this).hide(); chatSuggest('Peppy Paneer')"";>Peppy Paneer</a><br><img src=""/static/download (2).jpg""><br><br><a class=""chatSuggest"" onclick=""$(this).hide(); chatSuggest('Mexican green wave')"";>Mexican green wave</a><br><img src=""/static/download (3).jpg""><br>"
Salami,"Choose your pizza?<br><a class=""chatSuggest"" onclick=""$(this).hide(); chatSuggest('Pepper Barbecue Chicken')"";>Pepper Barbecue Chicken</a><br><img src=""/static/download (4).jpg""><br><br><a class=""chatSuggest"" onclick=""$(this).hide(); chatSuggest('Chicken Sausage')"";>Chicken Sausage</a><br><img src=""/static/download (5).jpg""><br><br><a class=""chatSuggest"" onclick=""$(this).hide(); chatSuggest('Chicken Dominator')"";>Chicken Dominator</a><br><img src=""/static/download (6).jpg""><br><br><a class=""chatSuggest"" onclick=""$(this).hide(); chatSuggest('Indi Chicken Tikka')"";>Indi Chicken Tikka</a><br><img src=""/static/download (7).jpg""><br>"
Bacon,"Choose your pizza?<br><a class=""chatSuggest"" onclick=""$(this).hide(); chatSuggest('Pepper Barbecue Chicken')"";>Pepper Barbecue Chicken</a><br><img src=""/static/download (4).jpg""><br><br><a class=""chatSuggest"" onclick=""$(this).hide(); chatSuggest('Chicken Sausage')"";>Chicken Sausage</a><br><img src=""/static/download (5).jpg""><br><br><a class=""chatSuggest"" onclick=""$(this).hide(); chatSuggest('Chicken Dominator')"";>Chicken Dominator</a><br><img src=""/static/download (6).jpg""><br><br><a class=""chatSuggest"" onclick=""$(this).hide(); chatSuggest('Indi Chicken Tikka')"";>Indi Chicken Tikka</a><br><img src=""/static/download (7).jpg""><br>"
Chicken breasts,"Choose your pizza?<br><a class=""chatSuggest"" onclick=""$(this).hide(); chatSuggest('Pepper Barbecue Chicken')"";>Pepper Barbecue Chicken</a><br><img src=""/static/download (4).jpg""><br><br><a class=""chatSuggest"" onclick=""$(this).hide(); chatSuggest('Chicken Sausage')"";>Chicken Sausage</a><br><img src=""/static/download (5).jpg""><br><br><a class=""chatSuggest"" onclick=""$(this).hide(); chatSuggest('Chicken Dominator')"";>Chicken Dominator</a><br><img src=""/static/download (6).jpg""><br><br><a class=""chatSuggest"" onclick=""$(this).hide(); chatSuggest('Indi Chicken Tikka')"";>Indi Chicken Tikka</a><br><img src=""/static/download (7).jpg""><br>"
Ham,"Choose your pizza?<br><a class=""chatSuggest"" onclick=""$(this).hide(); chatSuggest('Pepper Barbecue Chicken')"";>Pepper Barbecue Chicken</a><br><img src=""/static/download (4).jpg""><br><br><a class=""chatSuggest"" onclick=""$(this).hide(); chatSuggest('Chicken Sausage')"";>Chicken Sausage</a><br><img src=""/static/download (5).jpg""><br><br><a class=""chatSuggest"" onclick=""$(this).hide(); chatSuggest('Chicken Dominator')"";>Chicken Dominator</a><br><img src=""/static/download (6).jpg""><br><br><a class=""chatSuggest"" onclick=""$(this).hide(); chatSuggest('Indi Chicken Tikka')"";>Indi Chicken Tikka</a><br><img src=""/static/download (7).jpg""><br>"
Sausages,"Choose your pizza?<br><a class=""chatSuggest"" onclick=""$(this).hide(); chatSuggest('Pepper Barbecue Chicken')"";>Pepper Barbecue Chicken</a><br><img src=""/static/download (4).jpg""><br><br><a class=""chatSuggest"" onclick=""$(this).hide(); chatSuggest('Chicken Sausage')"";>Chicken Sausage</a><br><img src=""/static/download (5).jpg""><br><br><a class=""chatSuggest"" onclick=""$(this).hide(); chatSuggest('Chicken Dominator')"";>Chicken Dominator</a><br><img src=""/static/download (6).jpg""><br><br><a class=""chatSuggest"" onclick=""$(this).hide(); chatSuggest('Indi Chicken Tikka')"";>Indi Chicken Tikka</a><br><img src=""/static/download (7).jpg""><br>"
type of pizza,"what size of the pizza?<br><a class=""chatSuggest"" onclick=""$(this).hide(); chatSuggest('Small')"";>Small</a><br><a class=""chatSuggest"" onclick=""$(this).hide(); chatSuggest('Medium')"";>Medium</a><br><a class=""chatSuggest"" onclick=""$(this).hide(); chatSuggest('Large')"";>Large</a><br>"
Small,"crust size please<br><a class=""chatSuggest"" onclick=""$(this).hide(); chatSuggest('Thin')"";>Thin</a><br><a class=""chatSuggest"" onclick=""$(this).hide(); chatSuggest('Soft')"";>Soft</a><br><a class=""chatSuggest"" onclick=""$(this).hide(); chatSuggest('cheese-stuffed')"";>cheese-stuffed</a><br><a class=""chatSuggest"" onclick=""$(this).hide(); chatSuggest('Flatbread')"";>Flatbread</a><br><a class=""chatSuggest"" onclick=""$(this).hide(); chatSuggest('Sicilian Style')"";>Sicilian Style</a><br><a class=""chatSuggest"" onclick=""$(this).hide(); chatSuggest('Chicago Deep Dish')"";>Chicago Deep Dish</a><br><a class=""chatSuggest"" onclick=""$(this).hide(); chatSuggest('Neapolitan')"";>Neapolitan</a><br>"
Sicilian Style,"Type of pizza <br><a class=""chatSuggest"" onclick=""$(this).hide(); chatSuggest('Veg')"";>Veg</a><br><a class=""chatSuggest"" onclick=""$(this).hide(); chatSuggest('Non-Veg')"";>Non-Veg</a><br>"
Veg,"Toppings<br><a class=""chatSuggest"" onclick=""$(this).hide(); chatSuggest('Mushrooms')"";>Mushrooms</a><a class=""chatSuggest"" onclick=""$(this).hide(); chatSuggest('Capsicum(bell pepper)')"";>Capsicum(bell pepper)</a><a class=""chatSuggest"" onclick=""$(this).hide(); chatSuggest('Sun-Dried Tomatoes')"";>Sun-Dried Tomatoes</a><a class=""chatSuggest"" onclick=""$(this).hide(); chatSuggest('Sweet Potato')"";>Sweet Potato </a><br><a class=""chatSuggest"" onclick=""$(this).hide(); chatSuggest('Onion')"";>Onion</a><a class=""chatSuggest"" onclick=""$(this).hide(); chatSuggest('Spinach')"";>Spinach</a><br>"
Mushrooms,"Choose your pizza?<br><a class=""chatSuggest"" onclick=""$(this).hide(); chatSuggest('Margherita')"";>Margherita</a><br><img src=""/static/download.jpg""><br><br><a class=""chatSuggest"" onclick=""$(this).hide(); chatSuggest('Farm pizza')"";>Farm pizza</a><br><img src=""/static/download (1).jpg""><br><br><a class=""chatSuggest"" onclick=""$(this).hide(); chatSuggest('Peppy Paneer')"";>Peppy Paneer</a><br><img src=""/static/download (2).jpg""><br><br><a class=""chatSuggest"" onclick=""$(this).hide(); chatSuggest('Mexican green wave')"";>Mexican green wave</a><br><img src=""/static/download (3).jpg""><br>"
Capsicum(bell pepper),"Choose your pizza?<br><a class=""chatSuggest"" onclick=""$(this).hide(); chatSuggest('Margherita')"";>Margherita</a><br><img src=""/static/download.jpg""><br><br><a class=""chatSuggest"" onclick=""$(this).hide(); chatSuggest('Farm pizza')"";>Farm pizza</a><br><img src=""/static/download (1).jpg""><br><br><a class=""chatSuggest"" onclick=""$(this).hide(); chatSuggest('Peppy Paneer')"";>Peppy Paneer</a><br><img src=""/static/download (2).jpg""><br><br><a class=""chatSuggest"" onclick=""$(this).hide(); chatSuggest('Mexican green wave')"";>Mexican green wave</a><br><img src=""/static/download (3).jpg""><br>"
Sun-Dried Tomatoes,"Choose your pizza?<br><a class=""chatSuggest"" onclick=""$(this).hide(); chatSuggest('Margherita')"";>Margherita</a><br><img src=""/static/download.jpg""><br><br><a class=""chatSuggest"" onclick=""$(this).hide(); chatSuggest('Farm pizza')"";>Farm pizza</a><br><img src=""/static/download (1).jpg""><br><br><a class=""chatSuggest"" onclick=""$(this).hide(); chatSuggest('Peppy Paneer')"";>Peppy Paneer</a><br><img src=""/static/download (2).jpg""><br><br><a class=""chatSuggest"" onclick=""$(this).hide(); chatSuggest('Mexican green wave')"";>Mexican green wave</a><br><img src=""/static/download (3).jpg""><br>"
Sweet Potato,"Choose your pizza?<br><a class=""chatSuggest"" onclick=""$(this).hide(); chatSuggest('Margherita')"";>Margherita</a><br><img src=""/static/download.jpg""><br><br><a class=""chatSuggest"" onclick=""$(this).hide(); chatSuggest('Farm pizza')"";>Farm pizza</a><br><img src=""/static/download (1).jpg""><br><br><a class=""chatSuggest"" onclick=""$(this).hide(); chatSuggest('Peppy Paneer')"";>Peppy Paneer</a><br><img src=""/static/download (2).jpg""><br><br><a class=""chatSuggest"" onclick=""$(this).hide(); chatSuggest('Mexican green wave')"";>Mexican green wave</a><br><img src=""/static/download (3).jpg""><br>"
Spinach,"Choose your pizza?<br><a class=""chatSuggest"" onclick=""$(this).hide(); chatSuggest('Margherita')"";>Margherita</a><br><img src=""/static/download.jpg""><br><br><a class=""chatSuggest"" onclick=""$(this).hide(); chatSuggest('Farm pizza')"";>Farm pizza</a><br><img src=""/static/download (1).jpg""><br><br><a class=""chatSuggest"" onclick=""$(this).hide(); chatSuggest('Peppy Paneer')"";>Peppy Paneer</a><br><img src=""/static/download (2).jpg""><br><br><a class=""chatSuggest"" onclick=""$(this).hide(); chatSuggest('Mexican green wave')"";>Mexican green wave</a><br><img src=""/static/download (3).jpg""><br>"
Onion,"Choose your pizza?<br><a class=""chatSuggest"" onclick=""$(this).hide(); chatSuggest('Margherita')"";>Margherita</a><br><img src=""/static/download.jpg""><br><br><a class=""chatSuggest"" onclick=""$(this).hide(); chatSuggest('Farm pizza')"";>Farm pizza</a><br><img src=""/static/download (1).jpg""><br><br><a class=""chatSuggest"" onclick=""$(this).hide(); chatSuggest('Peppy Paneer')"";>Peppy Paneer</a><br><img src=""/static/download (2).jpg""><br><br><a class=""chatSuggest"" onclick=""$(this).hide(); chatSuggest('Mexican green wave')"";>Mexican green wave</a><br><img src=""/static/download (3).jpg""><br>"
Hello,"Hi I am Hot cherry from Yoyo pizza ! <img src=""https://data5.sticker.fan/stickers_storage/2020/03/21/file_1925490_128x128.png"">"
oder a pizza,"what size of the pizza?<br><a class=""chatSuggest"" onclick=""$(this).hide(); chatSuggest('Small')"";>Small</a><br><a class=""chatSuggest"" onclick=""$(this).hide(); chatSuggest('Medium')"";>Medium</a><br><a class=""chatSuggest"" onclick=""$(this).hide(); chatSuggest('Large')"";>Large</a><br>"
Medium,"crust size please<br><a class=""chatSuggest"" onclick=""$(this).hide(); chatSuggest('Thin')"";>Thin</a><br><a class=""chatSuggest"" onclick=""$(this).hide(); chatSuggest('Soft')"";>Soft</a><br><a class=""chatSuggest"" onclick=""$(this).hide(); chatSuggest('cheese-stuffed')"";>cheese-stuffed</a><br><a class=""chatSuggest"" onclick=""$(this).hide(); chatSuggest('Flatbread')"";>Flatbread</a><br><a class=""chatSuggest"" onclick=""$(this).hide(); chatSuggest('Sicilian Style')"";>Sicilian Style</a><br><a class=""chatSuggest"" onclick=""$(this).hide(); chatSuggest('Chicago Deep Dish')"";>Chicago Deep Dish</a><br><a class=""chatSuggest"" onclick=""$(this).hide(); chatSuggest('Neapolitan')"";>Neapolitan</a><br>"
cheese-stuffed,"Type of pizza <br><a class=""chatSuggest"" onclick=""$(this).hide(); chatSuggest('Veg')"";>Veg</a><br><a class=""chatSuggest"" onclick=""$(this).hide(); chatSuggest('Non-Veg')"";>Non-Veg</a><br>"
Non-Veg,"Toppings<br><a class=""chatSuggest"" onclick=""$(this).hide(); chatSuggest('Salami')"";>Salami</a><a class=""chatSuggest"" onclick=""$(this).hide(); chatSuggest('Pepperoni')"";>Pepperoni</a><a class=""chatSuggest"" onclick=""$(this).hide(); chatSuggest('Bacon')"";>Bacon</a><a class=""chatSuggest"" onclick=""$(this).hide(); chatSuggest('Chicken breasts')"";>Chicken breasts</a><br><a class=""chatSuggest"" onclick=""$(this).hide(); chatSuggest('Ham')"";>Ham</a><a class=""chatSuggest"" onclick=""$(this).hide(); chatSuggest('Sausages')"";>Sausages</a><br>"
Pepperoni,"Choose your pizza?<br><a class=""chatSuggest"" onclick=""$(this).hide(); chatSuggest('Pepper Barbecue Chicken')"";>Pepper Barbecue Chicken</a><br><img src=""/static/download (4).jpg""><br><br><a class=""chatSuggest"" onclick=""$(this).hide(); chatSuggest('Chicken Sausage')"";>Chicken Sausage</a><br><img src=""/static/download (5).jpg""><br><br><a class=""chatSuggest"" onclick=""$(this).hide(); chatSuggest('Chicken Dominator')"";>Chicken Dominator</a><br><img src=""/static/download (6).jpg""><br><br><a class=""chatSuggest"" onclick=""$(this).hide(); chatSuggest('Indi Chicken Tikka')"";>Indi Chicken Tikka</a><br><img src=""/static/download (7).jpg""><br>"
Indi Chicken Tikka,"How many pizza?<br><a class=""chatSuggest"" onclick=""$(this).hide(); chatSuggest('1')"";>1</a><a class=""chatSuggest"" onclick=""$(this).hide(); chatSuggest('2')"";>2</a><a class=""chatSuggest"" onclick=""$(this).hide(); chatSuggest('3')"";>3</a><a class=""chatSuggest"" onclick=""$(this).hide(); chatSuggest('4')"";>4</a><a class=""chatSuggest"" onclick=""$(this).hide(); chatSuggest('5')"";>5</a><br>"
4,"Rs.999 Your order placed successfully!! <img src=""/static/3.png"">"
Hello,"Hi I am Hot cherry from Yoyo pizza ! <img src=""https://data5.sticker.fan/stickers_storage/2020/03/21/file_1925490_128x128.png"">"
piza,"what size of the pizza?<br><a class=""chatSuggest"" onclick=""$(this).hide(); chatSuggest('Small')"";>Small</a><br><a class=""chatSuggest"" onclick=""$(this).hide(); chatSuggest('Medium')"";>Medium</a><br><a class=""chatSuggest"" onclick=""$(this).hide(); chatSuggest('Large')"";>Large</a><br>"
Small,"crust size please<br><a class=""chatSuggest"" onclick=""$(this).hide(); chatSuggest('Thin')"";>Thin</a><br><a class=""chatSuggest"" onclick=""$(this).hide(); chatSuggest('Soft')"";>Soft</a><br><a class=""chatSuggest"" onclick=""$(this).hide(); chatSuggest('cheese-stuffed')"";>cheese-stuffed</a><br><a class=""chatSuggest"" onclick=""$(this).hide(); chatSuggest('Flatbread')"";>Flatbread</a><br><a class=""chatSuggest"" onclick=""$(this).hide(); chatSuggest('Sicilian Style')"";>Sicilian Style</a><br><a class=""chatSuggest"" onclick=""$(this).hide(); chatSuggest('Chicago Deep Dish')"";>Chicago Deep Dish</a><br><a class=""chatSuggest"" onclick=""$(this).hide(); chatSuggest('Neapolitan')"";>Neapolitan</a><br>"
Thin,"Type of pizza <br><a class=""chatSuggest"" onclick=""$(this).hide(); chatSuggest('Veg')"";>Veg</a><br><a class=""chatSuggest"" onclick=""$(this).hide(); chatSuggest('Non-Veg')"";>Non-Veg</a><br>"
Non-Veg,"Toppings<br><a class=""chatSuggest"" onclick=""$(this).hide(); chatSuggest('Salami')"";>Salami</a><a class=""chatSuggest"" onclick=""$(this).hide(); chatSuggest('Pepperoni')"";>Pepperoni</a><a class=""chatSuggest"" onclick=""$(this).hide(); chatSuggest('Bacon')"";>Bacon</a><a class=""chatSuggest"" onclick=""$(this).hide(); chatSuggest('Chicken breasts')"";>Chicken breasts</a><br><a class=""chatSuggest"" onclick=""$(this).hide(); chatSuggest('Ham')"";>Ham</a><a class=""chatSuggest"" onclick=""$(this).hide(); chatSuggest('Sausages')"";>Sausages</a><br>"
Pepperoni,"Choose your pizza?<br><a class=""chatSuggest"" onclick=""$(this).hide(); chatSuggest('Pepper Barbecue Chicken')"";>Pepper Barbecue Chicken</a><br><img src=""/static/download (4).jpg""><br><br><a class=""chatSuggest"" onclick=""$(this).hide(); chatSuggest('Chicken Sausage')"";>Chicken Sausage</a><br><img src=""/static/download (5).jpg""><br><br><a class=""chatSuggest"" onclick=""$(this).hide(); chatSuggest('Chicken Dominator')"";>Chicken Dominator</a><br><img src=""/static/download (6).jpg""><br><br><a class=""chatSuggest"" onclick=""$(this).hide(); chatSuggest('Indi Chicken Tikka')"";>Indi Chicken Tikka</a><br><img src=""/static/download (7).jpg""><br>"
Indi Chicken Tikka,"How many pizza?<br><a class=""chatSuggest"" onclick=""$(this).hide(); chatSuggest('1')"";>1</a><a class=""chatSuggest"" onclick=""$(this).hide(); chatSuggest('2')"";>2</a><a class=""chatSuggest"" onclick=""$(this).hide(); chatSuggest('3')"";>3</a><a class=""chatSuggest"" onclick=""$(this).hide(); chatSuggest('4')"";>4</a><a class=""chatSuggest"" onclick=""$(this).hide(); chatSuggest('5')"";>5</a><br>"
5,"Rs.1250 Your order placed successfully!! <img src=""/static/ok.png"">"
oder status,"Preparing please wait <img src=""/static/pre.png"">"
where is the pizza,"Will be delivered soon!! <img src=""/static/del.png"">"
thank you,I don't really know what you are asking.<br><br>You can try this from my friend Google: <a target='_blank' href='https://www.google.com/search?q=thank you'>thank you</a>
Hello,"Hi I am Hot cherry from Yoyo pizza ! <img src=""https://data5.sticker.fan/stickers_storage/2020/03/21/file_1925490_128x128.png"">"
oder a pizza,"what size of the pizza?<br><a class=""chatSuggest"" onclick=""$(this).hide(); chatSuggest('Small')"";>Small</a><br><a class=""chatSuggest"" onclick=""$(this).hide(); chatSuggest('Medium')"";>Medium</a><br><a class=""chatSuggest"" onclick=""$(this).hide(); chatSuggest('Large')"";>Large</a><br>"
Small,"crust size please<br><a class=""chatSuggest"" onclick=""$(this).hide(); chatSuggest('Thin')"";>Thin</a><br><a class=""chatSuggest"" onclick=""$(this).hide(); chatSuggest('Soft')"";>Soft</a><br><a class=""chatSuggest"" onclick=""$(this).hide(); chatSuggest('cheese-stuffed')"";>cheese-stuffed</a><br><a class=""chatSuggest"" onclick=""$(this).hide(); chatSuggest('Flatbread')"";>Flatbread</a><br><a class=""chatSuggest"" onclick=""$(this).hide(); chatSuggest('Sicilian Style')"";>Sicilian Style</a><br><a class=""chatSuggest"" onclick=""$(this).hide(); chatSuggest('Chicago Deep Dish')"";>Chicago Deep Dish</a><br><a class=""chatSuggest"" onclick=""$(this).hide(); chatSuggest('Neapolitan')"";>Neapolitan</a><br>"
cheese-stuffed,"Type of pizza <br><a class=""chatSuggest"" onclick=""$(this).hide(); chatSuggest('Veg')"";>Veg</a><br><a class=""chatSuggest"" onclick=""$(this).hide(); chatSuggest('Non-Veg')"";>Non-Veg</a><br>"
Veg,"Veg Toppings<br><a class=""chatSuggest"" onclick=""$(this).hide(); chatSuggest('Mushrooms')"";>Mushrooms</a><a class=""chatSuggest"" onclick=""$(this).hide(); chatSuggest('Capsicum(bell pepper)')"";>Capsicum(bell pepper)</a><a class=""chatSuggest"" onclick=""$(this).hide(); chatSuggest('Sun-Dried Tomatoes')"";>Sun-Dried Tomatoes</a><a class=""chatSuggest"" onclick=""$(this).hide(); chatSuggest('Sweet Potato')"";>Sweet Potato </a><br><a class=""chatSuggest"" onclick=""$(this).hide(); chatSuggest('Onion')"";>Onion</a><a class=""chatSuggest"" onclick=""$(this).hide(); chatSuggest('Spinach')"";>Spinach</a><br>"
Mushrooms,"Choose your pizza?<br><a class=""chatSuggest"" onclick=""$(this).hide(); chatSuggest('Margherita')"";>Margherita</a><br><img src=""/static/download.jpg""><br><br><a class=""chatSuggest"" onclick=""$(this).hide(); chatSuggest('Farm pizza')"";>Farm pizza</a><br><img src=""/static/download (1).jpg""><br><br><a class=""chatSuggest"" onclick=""$(this).hide(); chatSuggest('Peppy Paneer')"";>Peppy Paneer</a><br><img src=""/static/download (2).jpg""><br><br><a class=""chatSuggest"" onclick=""$(this).hide(); chatSuggest('Mexican green wave')"";>Mexican green wave</a><br><img src=""/static/download (3).jpg""><br>"
Sun-Dried Tomatoes,"Choose your pizza?<br><a class=""chatSuggest"" onclick=""$(this).hide(); chatSuggest('Margherita')"";>Margherita</a><br><img src=""/static/download.jpg""><br><br><a class=""chatSuggest"" onclick=""$(this).hide(); chatSuggest('Farm pizza')"";>Farm pizza</a><br><img src=""/static/download (1).jpg""><br><br><a class=""chatSuggest"" onclick=""$(this).hide(); chatSuggest('Peppy Paneer')"";>Peppy Paneer</a><br><img src=""/static/download (2).jpg""><br><br><a class=""chatSuggest"" onclick=""$(this).hide(); chatSuggest('Mexican green wave')"";>Mexican green wave</a><br><img src=""/static/download (3).jpg""><br>"
Non-Veg,"Non-Veg Toppings<br><a class=""chatSuggest"" onclick=""$(this).hide(); chatSuggest('Salami')"";>Salami</a><a class=""chatSuggest"" onclick=""$(this).hide(); chatSuggest('Pepperoni')"";>Pepperoni</a><a class=""chatSuggest"" onclick=""$(this).hide(); chatSuggest('Bacon')"";>Bacon</a><a class=""chatSuggest"" onclick=""$(this).hide(); chatSuggest('Chicken breasts')"";>Chicken breasts</a><br><a class=""chatSuggest"" onclick=""$(this).hide(); chatSuggest('Ham')"";>Ham</a><a class=""chatSuggest"" onclick=""$(this).hide(); chatSuggest('Sausages')"";>Sausages</a><br>"
Pepperoni,"Choose your pizza?<br><a class=""chatSuggest"" onclick=""$(this).hide(); chatSuggest('Pepper Barbecue Chicken')"";>Pepper Barbecue Chicken</a><br><img src=""/static/download (4).jpg""><br><br><a class=""chatSuggest"" onclick=""$(this).hide(); chatSuggest('Chicken Sausage')"";>Chicken Sausage</a><br><img src=""/static/download (5).jpg""><br><br><a class=""chatSuggest"" onclick=""$(this).hide(); chatSuggest('Chicken Dominator')"";>Chicken Dominator</a><br><img src=""/static/download (6).jpg""><br><br><a class=""chatSuggest"" onclick=""$(this).hide(); chatSuggest('Indi Chicken Tikka')"";>Indi Chicken Tikka</a><br><img src=""/static/download (7).jpg""><br>"
Chicken Dominator,"How many pizza?<br><a class=""chatSuggest"" onclick=""$(this).hide(); chatSuggest('1')"";>1</a><a class=""chatSuggest"" onclick=""$(this).hide(); chatSuggest('2')"";>2</a><a class=""chatSuggest"" onclick=""$(this).hide(); chatSuggest('3')"";>3</a><a class=""chatSuggest"" onclick=""$(this).hide(); chatSuggest('4')"";>4</a><a class=""chatSuggest"" onclick=""$(this).hide(); chatSuggest('5')"";>5</a><br>"
4,"Rs.999 Your order placed successfully!! <img src=""/static/ok.png"">"
status,"Preparing please wait <img src=""/static/pre.png"">"
where is the pizza now,"Will be delivered soon!! <img src=""/static/del.png"">"
thank,You are welcome!!
toppings,"Veg Toppings<br><a class=""chatSuggest"" onclick=""$(this).hide(); chatSuggest('Mushrooms')"";>Mushrooms</a><a class=""chatSuggest"" onclick=""$(this).hide(); chatSuggest('Capsicum(bell pepper)')"";>Capsicum(bell pepper)</a><a class=""chatSuggest"" onclick=""$(this).hide(); chatSuggest('Sun-Dried Tomatoes')"";>Sun-Dried Tomatoes</a><a class=""chatSuggest"" onclick=""$(this).hide(); chatSuggest('Sweet Potato')"";>Sweet Potato </a><br><a class=""chatSuggest"" onclick=""$(this).hide(); chatSuggest('Onion')"";>Onion</a><a class=""chatSuggest"" onclick=""$(this).hide(); chatSuggest('Spinach')"";>Spinach</a><br>Non-Veg Toppings<br><a class=""chatSuggest"" onclick=""$(this).hide(); chatSuggest('Salami')"";>Salami</a><a class=""chatSuggest"" onclick=""$(this).hide(); chatSuggest('Pepperoni')"";>Pepperoni</a><a class=""chatSuggest"" onclick=""$(this).hide(); chatSuggest('Bacon')"";>Bacon</a><a class=""chatSuggest"" onclick=""$(this).hide(); chatSuggest('Chicken breasts')"";>Chicken breasts</a><br><a class=""chatSuggest"" onclick=""$(this).hide(); chatSuggest('Ham')"";>Ham</a><a class=""chatSuggest"" onclick=""$(this).hide(); chatSuggest('Sausages')"";>Sausages</a><br>"
size,I don't have a response for that.<br><br>You can try this from my friend Google: <a target='_blank' href='https://www.google.com/search?q=size'>size</a>
size of a pizza,"what size of the pizza?<br><a class=""chatSuggest"" onclick=""$(this).hide(); chatSuggest('Small')"";>Small</a><br><a class=""chatSuggest"" onclick=""$(this).hide(); chatSuggest('Medium')"";>Medium</a><br><a class=""chatSuggest"" onclick=""$(this).hide(); chatSuggest('Large')"";>Large</a><br>"
size pizza,"what size of the pizza?<br><a class=""chatSuggest"" onclick=""$(this).hide(); chatSuggest('Small')"";>Small</a><br><a class=""chatSuggest"" onclick=""$(this).hide(); chatSuggest('Medium')"";>Medium</a><br><a class=""chatSuggest"" onclick=""$(this).hide(); chatSuggest('Large')"";>Large</a><br>"
crust,"crust size please<br><a class=""chatSuggest"" onclick=""$(this).hide(); chatSuggest('Thin')"";>Thin</a><br><a class=""chatSuggest"" onclick=""$(this).hide(); chatSuggest('Soft')"";>Soft</a><br><a class=""chatSuggest"" onclick=""$(this).hide(); chatSuggest('cheese-stuffed')"";>cheese-stuffed</a><br><a class=""chatSuggest"" onclick=""$(this).hide(); chatSuggest('Flatbread')"";>Flatbread</a><br><a class=""chatSuggest"" onclick=""$(this).hide(); chatSuggest('Sicilian Style')"";>Sicilian Style</a><br><a class=""chatSuggest"" onclick=""$(this).hide(); chatSuggest('Chicago Deep Dish')"";>Chicago Deep Dish</a><br><a class=""chatSuggest"" onclick=""$(this).hide(); chatSuggest('Neapolitan')"";>Neapolitan</a><br>"
Hello,"Hi I am Hot cherry from Yoyo pizza ! <img src=""https://data5.sticker.fan/stickers_storage/2020/03/21/file_1925490_128x128.png"">"
menu,"Veg Pizza Menu<br>Choose your pizza?<br><a class=""chatSuggest"" onclick=""$(this).hide(); chatSuggest('Margherita')"";>Margherita</a><br><img src=""/static/download.jpg""><br><br><a class=""chatSuggest"" onclick=""$(this).hide(); chatSuggest('Farm pizza')"";>Farm pizza</a><br><img src=""/static/download (1).jpg""><br><br><a class=""chatSuggest"" onclick=""$(this).hide(); chatSuggest('Peppy Paneer')"";>Peppy Paneer</a><br><img src=""/static/download (2).jpg""><br><br><a class=""chatSuggest"" onclick=""$(this).hide(); chatSuggest('Mexican green wave')"";>Mexican green wave</a><br><img src=""/static/download (3).jpg""><br><br>Non-Veg Pizza Menu<br>Choose your pizza?<br><a class=""chatSuggest"" onclick=""$(this).hide(); chatSuggest('Pepper Barbecue Chicken')"";>Pepper Barbecue Chicken</a><br><img src=""/static/download (4).jpg""><br><br><a class=""chatSuggest"" onclick=""$(this).hide(); chatSuggest('Chicken Sausage')"";>Chicken Sausage</a><br><img src=""/static/download (5).jpg""><br><br><a class=""chatSuggest"" onclick=""$(this).hide(); chatSuggest('Chicken Dominator')"";>Chicken Dominator</a><br><img src=""/static/download (6).jpg""><br><br><a class=""chatSuggest"" onclick=""$(this).hide(); chatSuggest('Indi Chicken Tikka')"";>Indi Chicken Tikka</a><br><img src=""/static/download (7).jpg""><br>"
get me pizza,"what size of the pizza?<br><a class=""chatSuggest"" onclick=""$(this).hide(); chatSuggest('Small')"";>Small</a><br><a class=""chatSuggest"" onclick=""$(this).hide(); chatSuggest('Medium')"";>Medium</a><br><a class=""chatSuggest"" onclick=""$(this).hide(); chatSuggest('Large')"";>Large</a><br>"
Small,"crust size please<br><a class=""chatSuggest"" onclick=""$(this).hide(); chatSuggest('Thin')"";>Thin</a><br><a class=""chatSuggest"" onclick=""$(this).hide(); chatSuggest('Soft')"";>Soft</a><br><a class=""chatSuggest"" onclick=""$(this).hide(); chatSuggest('cheese-stuffed')"";>cheese-stuffed</a><br><a class=""chatSuggest"" onclick=""$(this).hide(); chatSuggest('Flatbread')"";>Flatbread</a><br><a class=""chatSuggest"" onclick=""$(this).hide(); chatSuggest('Sicilian Style')"";>Sicilian Style</a><br><a class=""chatSuggest"" onclick=""$(this).hide(); chatSuggest('Chicago Deep Dish')"";>Chicago Deep Dish</a><br><a class=""chatSuggest"" onclick=""$(this).hide(); chatSuggest('Neapolitan')"";>Neapolitan</a><br>"
Sicilian Style,"Type of pizza <br><a class=""chatSuggest"" onclick=""$(this).hide(); chatSuggest('Veg')"";>Veg</a><br><a class=""chatSuggest"" onclick=""$(this).hide(); chatSuggest('Non-Veg')"";>Non-Veg</a><br>"
Veg,"Veg Toppings<br><a class=""chatSuggest"" onclick=""$(this).hide(); chatSuggest('Mushrooms')"";>Mushrooms</a><a class=""chatSuggest"" onclick=""$(this).hide(); chatSuggest('Capsicum(bell pepper)')"";>Capsicum(bell pepper)</a><a class=""chatSuggest"" onclick=""$(this).hide(); chatSuggest('Sun-Dried Tomatoes')"";>Sun-Dried Tomatoes</a><a class=""chatSuggest"" onclick=""$(this).hide(); chatSuggest('Sweet Potato')"";>Sweet Potato </a><br><a class=""chatSuggest"" onclick=""$(this).hide(); chatSuggest('Onion')"";>Onion</a><a class=""chatSuggest"" onclick=""$(this).hide(); chatSuggest('Spinach')"";>Spinach</a><br>"
Sun-Dried Tomatoes,"Veg Pizza Menu<br>Choose your pizza?<br><a class=""chatSuggest"" onclick=""$(this).hide(); chatSuggest('Margherita')"";>Margherita</a><br><img src=""/static/download.jpg""><br><br><a class=""chatSuggest"" onclick=""$(this).hide(); chatSuggest('Farm pizza')"";>Farm pizza</a><br><img src=""/static/download (1).jpg""><br><br><a class=""chatSuggest"" onclick=""$(this).hide(); chatSuggest('Peppy Paneer')"";>Peppy Paneer</a><br><img src=""/static/download (2).jpg""><br><br><a class=""chatSuggest"" onclick=""$(this).hide(); chatSuggest('Mexican green wave')"";>Mexican green wave</a><br><img src=""/static/download (3).jpg""><br>"
Mexican green wave,"How many pizza?<br><a class=""chatSuggest"" onclick=""$(this).hide(); chatSuggest('1')"";>1</a><a class=""chatSuggest"" onclick=""$(this).hide(); chatSuggest('2')"";>2</a><a class=""chatSuggest"" onclick=""$(this).hide(); chatSuggest('3')"";>3</a><a class=""chatSuggest"" onclick=""$(this).hide(); chatSuggest('4')"";>4</a><a class=""chatSuggest"" onclick=""$(this).hide(); chatSuggest('5')"";>5</a><br>"
4,"Rs.999 Your order placed successfully!! <img src=""/static/ok.png"">"
order status,"Preparing please wait <img src=""/static/pre.png"">"
when i will recevie my pizza,"Will be delivered soon!! <img src=""/static/del.png"">"
bye,"<img src=""/static/finalbye.png"">"
thank u,You are welcome!!
